order_id,order_line,order_date,ship_date,customer_id,customer_name,customer_type,region,country,sku,quantity,negotiated_unit_price,total_line_value,order_status,priority
ORD-000293,1,2024-07-29,2024-08-30,CUST-1026,Global Electronics,CM,Americas,Mexico,CHIP-dsPIC-0015,10000,12.53,125300.0,Shipped,Expedite
ORD-000265,1,2024-08-03,2024-09-07,CUST-1036,Global Solutions,CM,Americas,United States,CHIP-PIC32-0011,500,30.9,15450.0,Shipped,Critical
ORD-000045,1,12/24/2024,2025-01-16,CUST-1075,Rapid Solutions,OEM,APAC,Singapore,CHIP-WBZ-0005,10,9.82,98.2,Shipped,Expedite
ORD-000207,2,2025-03-13,2025-04-24,CUST-1043,Nova Manufacturing,OEM,Japan,Japan,CHIP-dsPIC-0001,1000,28.38,28380.0,Confirmed,Critical
ORD-000012,2,2025-09-21,2025-10-29,CUST-1043,Nova Manufacturing,OEM,Japan,Japan,CHIP-MCP-0010,5000,39.88,199400.0,Shipped,Standard
ORD-000344,1,07/12/2025,2025-07-19,CUST-1034,Omega Semiconductor,EMS,Japan,Japan,CHIP-MPF-0012,50,10.66,533.0,Shipped,Standard
ORD-000394,2,2025-01-25,2025-03-11,CUST-1057,Halo Semiconductor,Distributor,Asia-Pacific,Taiwan,CHIP-MPF-0006,25,0.5,12.5,Shipped,Expedite
ORD-000236,2,18-Dec-2024,2024-12-28,CUST-1004,Terra Devices,Distributor,Americas,United States,CHIP-PIC18-0006,500,9.65,4825.0,Shipped,Standard
ORD-000278,1,25-May-2025,2025-06-01,CUST-1016,Kilo Dynamics,EMS,EMEA,Italy,CHIP-MCP-0001,10000,18.33,183300.0,Shipped,Standard
ORD-000361,1,2025-03-30,2025-04-15,CUST-1073,Wave Systems,CM,EMEA,Israel,CHIP-WBZ-0002,50,15.84,792.0,Pending,Expedite
ORD-000475,3,2025-10-19,2025-11-12,CUST-9901,TEST Account 2,OEM,Americas,United States,CHIP-WBZ-0004,25,15.95,398.75,Shipped,Standard
ORD-000571,1,2024-06-13,2024-07-28,CUST-1053,Sigma Systems,CM,APAC,China,CHIP-WBZ-0016,25,21.38,534.5,Shipped,Expedite
ORD-000384,1,2024-03-26,2024-03-27,CUST-1000,Apex Semiconductor,OEM,Americas,United States,CHIP-dsPIC-0003,10000,7.47,74700.0,Shipped,Expedite
ORD-000431,4,2025-10-13,2025-11-26,CUST-1002,Nordic Manufacturing,EMS,EMEA,Germany,CHIP-WBZ-0016,500,18.53,9821.58,Pending,Expedite
ORD-000499,1,2024-02-19,2024-03-29,CUST-1029,Apex Dynamics,EMS,EMEA,Italy,CHIP-PIC32-0003,2500,7.97,19925.0,Backordered,Standard
ORD-000541,3,2025-05-12,2025-06-24,CUST-1004,Terra Devices,Distributor,Americas,United States,CHIP-MPF-0010,1000,16.23,16230.0,Shipped,Expedite
ORD-000476,3,2025-01-07,2025-01-12,CUST-1009,Bolt Components,CM,Japan,Japan,CHIP-dsPIC-0015,5000,13.77,68850.0,Shipped,Critical
ORD-000494,1,2025-10-02,2025-11-02,CUST-1010,Atlas Semiconductor,EMS,EMEA,Italy,CHIP-PIC32-0012,5000,1.53,7650.0,Shipped,Standard
ORD-000302,1,2024-05-30,2024-06-06,CUST-1026,Global Electronics,CM,AMER,Mexico,CHIP-PIC32-0005,5000,37.38,186900.0,Shipped,Critical
ORD-000312,1,2025-10-14,2025-11-20,CUST-9901,TEST Account 2,OEM,Americas,United States,CHIP-PIC32-0004,100,37.11,3711.0,Confirmed,Standard
ORD-000032,1,2025-02-09,2025-03-14,CUST-1002,Nordic Manufacturing,EMS,EMEA,Germany,CHIP-WBZ-0016,2500,20.06,50150.0,Shipped,Expedite
ORD-000407,2,22-Feb-2024,2024-03-06,CUST-1073,Wave Systems,CM,EMEA,Israel,CHIP-dsPIC-0005,1000,9.49,9490.0,Shipped,Critical
ORD-000574,1,2025-08-30,2025-10-05,CUST-1057,Halo Semiconductor,Distributor,APAC,Taiwan,CHIP-MCP-0001,2500,17.88,44700.0,Confirmed,Expedite
ORD-000082,1,08-May-2025,2025-06-01,CUST-1010,Atlas Semiconductor,EMS,EMEA,Italy,CHIP-MPF-0013,250,2.19,547.5,Confirmed,Expedite
ORD-000430,1,01-Jan-2024,2024-01-03,CUST-1000,Apex Semiconductor,OEM,AMER,United States,CHIP-dsPIC-0009,2500,18.9,47250.0,Confirmed,Standard
ORD-000370,2,08/01/2024,2024-09-13,CUST-1001,Pacific Components,Distributor,APAC,China,CHIP-PIC32-0009,250,18.51,4627.5,Pending,Expedite
ORD-000123,1,07-Sep-2024,2024-09-18,CUST-1000,Apex Semiconductor,OEM,Americas,United States,CHIP-dsPIC-0003,500,7.21,3605.0,Shipped,Critical
ORD-000268,3,12-Mar-2025,2025-03-28,CUST-1002,Nordic Manufacturing,EMS,EMEA,Germany,CHIP-PIC32-0009,5000,24.04,120200.0,Shipped,Critical
ORD-000130,1,2024-08-19,2024-08-31,CUST-9901,TEST Account 2,OEM,AMER,United States,CHIP-MCP-0009,5000,17.06,85300.0,Shipped,Standard
ORD-000137,1,12/25/2025,2026-01-26,CUST-1070,Zen Solutions,EMS,Americas,Mexico,CHIP-WBZ-0011,5000,21.37,106850.0,Shipped,Expedite
ORD-000572,1,2025-12-15,2025-12-19,CUST-1027,Rapid Manufacturing,EMS,EMEA,United Kingdom,CHIP-ORPHAN-0003,2500,22.2,55500.0,Shipped,Critical
ORD-000134,3,11/01/2025,2025-12-09,CUST-1002,Nordic Manufacturing,EMS,EMEA,Germany,CHIP-WBZ-0016,5000,19.9,99500.0,Shipped,Critical
ORD-000073,2,03/26/2025,2025-04-06,CUST-1001,Pacific Components,Distributor,APAC,China,CHIP-MCP-0005,10000,1.47,14700.0,Shipped,Critical
ORD-000198,2,03-Jan-2024,2024-01-11,CUST-1002,Nordic Manufacturing,EMS,EMEA,Germany,CHIP-WBZ-0016,2500,18.86,47150.0,Confirmed,Standard
ORD-000301,3,2024-08-13,2024-09-27,CUST-1046,Sigma Components,EMS,APAC,China,CHIP-MPF-0011,10,20.77,207.7,Shipped,Standard
ORD-000312,3,2025-10-14,2025-11-20,CUST-9901,TEST Account 2,OEM,Americas,United States,CHIP-PIC32-0010,5000,4.49,22450.0,Confirmed,Standard
ORD-000321,2,2025-03-27,2025-04-08,CUST-1000,Apex Semiconductor,OEM,Americas,United States,CHIP-MPF-0012,5000,13.28,66400.0,Shipped,Expedite
ORD-000039,5,2025-10-31,2025-11-11,CUST-1060,Prime Electronics,Distributor,APAC,China,CHIP-PIC32-0011,1000,27.52,27520.0,Confirmed,Expedite
ORD-000169,2,2024-04-07,2024-05-15,CUST-1079,Global Technologies,CM,APAC,South Korea,CHIP-dsPIC-0015,100,13.21,1321.0,Shipped,Standard
ORD-000178,2,2025-02-22,2025-03-04,CUST-1001,Pacific Components,Distributor,APAC,China,CHIP-PIC32-0002,10000,4.53,45300.0,Shipped,Expedite
ORD-000112,1,2024-08-15,2024-09-27,CUST-1047,Jade Devices,OEM,APAC,Singapore,CHIP-dsPIC-0010,10000,4.37,43700.0,Backordered,Standard
ORD-000033,1,02/21/2024,2024-03-03,CUST-1003,Sigma Electronics,OEM,Japan,Japan,CHIP-MCP-0009,2500,19.64,49100.0,Cancelled,Expedite
ORD-000381,5,2024-10-13,2024-11-24,CUST-1000,Apex Semiconductor,OEM,Americas,United States,CHIP-dsPIC-0005,5000,11.65,58250.0,Pending,Expedite
ORD-000271,4,2024-10-12,2024-10-22,CUST-1003,Sigma Electronics,OEM,Japan,Japan,CHIP-PIC32-0001,250,34.82,8705.0,Shipped,Standard
ORD-000051,1,2025-03-15,2025-04-15,CUST-1006,Bolt Systems,OEM,EMEA,United Kingdom,CHIP-dsPIC-0005,500,9.77,3916.06,Shipped,Standard
ORD-000484,2,2025-05-23,2025-06-26,CUST-1072,Atlas Systems,OEM,Americas,United States,CHIP-MCP-0007,10000,10.28,102800.0,Shipped,Standard
ORD-000422,1,2024-10-29,2024-11-02,CUST-1036,Global Solutions,CM,Americas,United States,CHIP-MPF-0014,1000,4.31,3897.94,Pending,Standard
ORD-000267,1,04/05/2024,2024-05-07,CUST-1066,Iris Technologies,OEM,EMEA,France,CHIP-WBZ-0015,2500,4.38,10950.0,Shipped,Standard
ORD-000336,3,02-Nov-2025,2025-11-28,CUST-1002,Nordic Manufacturing,EMS,EMEA,Germany,CHIP-dsPIC-0009,1000,15.11,15110.0,Shipped,Critical
ORD-000220,1,04-Dec-2024,2025-01-10,CUST-1002,Nordic Manufacturing,EMS,EMEA,Germany,CHIP-WBZ-0016,2500,18.37,45925.0,Confirmed,Critical
ORD-000558,2,11/14/2024,2024-12-10,CUST-1022,Jolt Solutions,OEM,APAC,Singapore,CHIP-MCP-0003,5000,7.6,44147.45,Shipped,Expedite
ORD-000210,1,10/29/2025,2025-11-21,CUST-1000,Apex Semiconductor,OEM,Americas,United States,CHIP-dsPIC-0003,5000,7.09,36675.72,Shipped,Critical
ORD-000172,1,2025-02-22,2025-03-11,CUST-1000,Apex Semiconductor,OEM,Americas,United States,CHIP-dsPIC-0003,1000,7.33,7330.0,Cancelled,Standard
ORD-000520,1,2024-02-18,2024-03-02,CUST-1034,Omega Semiconductor,EMS,Japan,Japan,CHIP-MPF-0012,25,10.56,264.0,Confirmed,Critical
ORD-000386,1,02/14/2025,2025-03-09,CUST-1027,Rapid Manufacturing,EMS,EMEA,United Kingdom,CHIP-PIC18-0012,500,27.12,13560.0,Pending,Standard
ORD-000308,1,2025-06-07,2025-07-22,CUST-1026,Global Electronics,CM,Americas,Mexico,CHIP-dsPIC-0012,10000,6.98,69800.0,Confirmed,Expedite
ORD-000324,2,2024-11-17,2024-11-25,CUST-1055,Iris Electronics,OEM,Asia-Pacific,Taiwan,CHIP-MCP-0004,10,20.33,203.3,Shipped,Expedite
ORD-000447,3,2025-03-13,2025-04-23,CUST-1047,Jade Devices,OEM,APAC,Singapore,CHIP-dsPIC-0010,10000,4.42,44200.0,Backordered,Critical
ORD-000152,1,08-Jun-2024,2024-06-09,CUST-1000,Apex Semiconductor,OEM,Americas,United States,CHIP-dsPIC-0003,2500,7.99,19975.0,Backordered,Critical
ORD-000482,1,03-Oct-2024,2024-10-14,CUST-1034,Omega Semiconductor,EMS,Japan,Japan,CHIP-MPF-0012,2500,11.05,27625.0,Shipped,Expedite
ORD-000083,1,04/16/2025,2025-05-07,CUST-1022,Jolt Solutions,OEM,APAC,Singapore,CHIP-MCP-0004,500,16.2,8100.0,Confirmed,Standard
ORD-000351,1,06/30/2025,2025-07-05,CUST-1055,Iris Electronics  ,OEM,APAC,Taiwan,CHIP-MCP-0011,10000,26.66,266600.0,Shipped,Critical
ORD-000535,3,01-May-2024,2024-05-11,CUST-1003,Sigma Electronics,OEM,Japan,Japan,CHIP-PIC18-0011,2500,28.3,70750.0,Shipped,Expedite
ORD-000576,4,2024-05-21,2024-06-25,CUST-1000,Apex Semiconductor,OEM,Americas,United States,CHIP-dsPIC-0003,250,7.53,1882.5,Shipped,Expedite
ORD-000408,1,2025-10-05,2025-10-08,CUST-1072,Atlas Systems,OEM,Americas,United States,CHIP-ORPHAN-0014,10,8.62,86.2,Confirmed,Standard
ORD-000270,3,2024-04-22,2024-05-07,CUST-1001,Pacific Components,Distributor,APAC,China,CHIP-PIC32-0009,1000,22.45,22450.0,Shipped,Expedite
ORD-000306,1,2024-10-03,2024-11-14,CUST-1055,Iris Electronics,OEM,APAC,Taiwan,CHIP-WBZ-0001,500,27.06,13530.0,Shipped,Critical
ORD-000262,1,2025-06-25,2025-08-03,CUST-1038,Rapid Semiconductor,Distributor,APAC,Taiwan,CHIP-PIC18-0002,25,1.85,46.25,Shipped,Critical
ORD-000338,2,2024-03-26,2024-04-05,CUST-1037,Iris Devices,CM,EMEA,Israel,CHIP-PIC32-0007,10,21.14,211.4,Shipped,Expedite
ORD-000268,1,12-Mar-2025,2025-03-28,CUST-1002,Nordic Manufacturing,EMS,EMEA,Germany,CHIP-WBZ-0016,10000,18.77,187700.0,Shipped,Critical
ORD-000370,5,08/01/2024,2024-09-13,CUST-1001,Pacific Components,Distributor,APAC,China,CHIP-PIC18-0008,1000,12.51,12510.0,Pending,Expedite
ORD-000260,1,2024-07-12,2024-08-19,CUST-1028,Drift Solutions,Distributor,EMEA,United Kingdom,CHIP-PIC18-0005,250,30.73,7682.5,Confirmed,Standard
ORD-000269,2,2024-06-07,2024-06-23,CUST-1000,Apex Semiconductor,OEM,Americas,United States,CHIP-dsPIC-0003,2500,7.13,17825.0,Shipped,Critical
ORD-000543,1,2024-01-16,2024-01-21,CUST-1062,Xeno Manufacturing,OEM,Japan,Japan,CHIP-MCP-0012,10,9.26,92.6,Pending,Expedite
ORD-000126,1,26-Jun-2024,2024-08-08,CUST-1035,Kilo Solutions,CM,APAC,South Korea,CHIP-MCP-0010,25,32.0,800.0,Confirmed,Critical
ORD-000218,1,07/14/2024,2024-08-22,CUST-1073,Wave Systems,CM,EMEA,Israel,CHIP-MPF-0015,250,7.48,1870.0,Backordered,Critical
ORD-000377,2,2024-11-27,2024-11-30,CUST-1047,Jade Devices,OEM,APAC,Singapore,CHIP-PIC18-0007,500,24.0,12000.0,Shipped,Standard
ORD-000059,1,2024-04-26,2024-05-03,CUST-1028,Drift Solutions,Distributor,EMEA,United Kingdom,CHIP-PIC32-0002,5000,4.92,24600.0,Pending,Standard
ORD-000295,4,2025-11-29,2025-12-27,CUST-1003,Sigma Electronics,OEM,JP,Japan,CHIP-PIC32-0004,10000,46.6,466000.0,Shipped,Expedite
ORD-000057,1,17-Mar-2024,2024-04-18,CUST-1026,Global Electronics,CM,Americas,Mexico,CHIP-MCP-0011,5000,24.49,122450.0,Shipped,Expedite
ORD-000500,1,01/09/2024,2024-01-10,CUST-1072,Atlas Systems,OEM,Americas,United States,CHIP-MCP-0009,10000,18.86,188600.0,Cancelled,Standard
ORD-000007,2,2024-11-17,2024-11-29,CUST-1002,Nordic Manufacturing,EMS,EMEA,Germany,CHIP-WBZ-0016,10000,18.83,188300.0,Backordered,Expedite
ORD-000294,1,23-Aug-2025,2025-09-19,CUST-1062,Xeno Manufacturing,OEM,Japan,Japan,CHIP-PIC32-0006,10,11.27,112.7,Shipped,Critical
ORD-000143,2,04/22/2024,2024-05-13,CUST-1000,Apex Semiconductor,OEM,Americas,United States,CHIP-dsPIC-0003,500,7.05,3525.0,Shipped,Standard
ORD-000256,1,06/11/2025,2025-06-14,CUST-1041,Giga Semiconductor,Distributor,APAC,Singapore,CHIP-MPF-0016,10000,16.41,164100.0,Cancelled,Critical
ORD-000114,1,2025-06-12,2025-07-23,CUST-1003,Sigma Electronics,OEM,JP,Japan,CHIP-dsPIC-0009,1000,18.89,18890.0,Backordered,Standard
ORD-000255,1,2024-02-22,2024-03-21,CUST-1062,Xeno Manufacturing,OEM,Japan,Japan,CHIP-PIC32-0006,5000,11.91,59550.0,Shipped,Standard
ORD-000080,2,03/15/2024,2024-04-17,CUST-1002,Nordic Manufacturing,EMS,EMEA,Germany,CHIP-MPF-0014,250,4.42,1105.0,Shipped,Standard
ORD-000286,1,05/23/2025,2025-07-02,CUST-1000,Apex Semiconductor,OEM,Americas,United States,CHIP-dsPIC-0003,10000,7.08,70800.0,Cancelled,Standard
ORD-000376,3,2024-08-01,2024-08-26,CUST-1006,Bolt Systems,OEM,EMEA,United Kingdom,CHIP-MCP-0005,250,2.22,528.37,Shipped,Expedite
ORD-000015,1,07/13/2025,2025-07-27,CUST-1061,Delta Solutions,OEM,Americas,Brazil,CHIP-dsPIC-0014,250,44.72,11180.0,Backordered,Standard
ORD-000499,2,2024-02-19,2024-03-29,CUST-1029,Apex Dynamics,EMS,EMEA,Italy,CHIP-PIC18-0010,10000,18.45,184500.0,Backordered,Standard
ORD-000381,3,2024-10-13,2024-11-24,CUST-1000,Apex Semiconductor,OEM,Americas,United States,CHIP-dsPIC-0003,500,7.46,3730.0,Pending,Expedite
ORD-000433,1,03-Jan-2025,2025-01-31,CUST-1057,Halo Semiconductor,Distributor,APAC,Taiwan,CHIP-MCP-0002,2500,8.55,21375.0,Shipped,Expedite
ORD-000468,1,2025-08-24,2025-09-01,CUST-1002,Nordic Manufacturing,EMS,EMEA,Germany,CHIP-WBZ-0016,1000,19.76,19760.0,Shipped,Expedite
ORD-000315,1,2024-07-17,2024-08-08,CUST-1000,Apex Semiconductor,OEM,Americas,United States,CHIP-dsPIC-0003,500,7.42,3710.0,Shipped,Standard
ORD-000577,3,2024-01-01,2024-01-07,CUST-1073,Wave Systems,CM,EMEA,Israel,CHIP-WBZ-0002,10,16.26,162.6,Confirmed,Standard
ORD-000024,2,2024-11-13,2024-12-28,CUST-1013,Omega Dynamics,EMS,EMEA,Italy,CHIP-MCP-0012,10,8.23,82.3,Shipped,Standard
ORD-000171,3,2024-01-21,2024-01-25,CUST-1002,Nordic Manufacturing,EMS,EMEA,Germany,CHIP-dsPIC-0015,1000,15.1,15100.0,Cancelled,Standard
ORD-000155,2,06/21/2025,2025-07-13,CUST-1000,Apex Semiconductor,OEM,Americas,United States,CHIP-dsPIC-0003,1000,7.01,7010.0,Shipped,Critical
ORD-000365,4,2025-05-10,2025-06-04,CUST-1034,Omega Semiconductor,EMS,Japan,Japan,CHIP-dsPIC-0014,250,37.54,9385.0,Shipped,Standard
ORD-000294,2,23-Aug-2025,2025-09-19,CUST-1062,Xeno Manufacturing,OEM,Japan,Japan,CHIP-PIC32-0006,500,10.73,4997.75,Shipped,Critical
ORD-000051,2,2025-03-15,2025-04-15,CUST-1006,Bolt Systems,OEM,EMEA,United Kingdom,CHIP-dsPIC-0005,1000,9.38,9380.0,Shipped,Standard
ORD-000378,1,2024-04-22,2024-05-03,CUST-1051,Bright Devices,EMS,APAC,China,CHIP-MCP-0006,10000,19.27,192700.0,Shipped,Standard
ORD-000359,2,02/17/2025,2025-03-21,CUST-1046,Sigma Components,EMS,APAC,China,CHIP-MPF-0011,1000,21.91,21910.0,Pending,Expedite
ORD-000398,1,06/20/2025,2025-07-02,CUST-1006,Bolt Systems,OEM,EMEA,United Kingdom,CHIP-dsPIC-0005,2500,10.26,25650.0,Confirmed,Critical
ORD-000408,3,2025-10-05,2025-10-08,CUST-1072,Atlas Systems,OEM,Americas,United States,CHIP-WBZ-0009,250,13.99,3497.5,Confirmed,Standard
ORD-000325,2,2025-12-14,2026-01-19,CUST-1051,Bright Devices,EMS,APAC,China,CHIP-dsPIC-0004,2500,40.88,102200.0,Shipped,Expedite
ORD-000145,2,2025-04-29,2025-05-29,CUST-1037,Iris Devices,CM,EMEA,Israel,CHIP-dsPIC-0011,10,25.03,250.3,Shipped,Critical
ORD-000287,2,01/16/2024,2024-01-18,CUST-1000,Apex Semiconductor,OEM,Americas,United States,CHIP-dsPIC-0003,5000,7.57,37850.0,Shipped,Expedite
ORD-000387,1,2025-09-28,2025-10-30,CUST-1045,Ultra Electronics,CM,Americas,Brazil,CHIP-MCP-0010,500,30.27,15135.0,Confirmed,Expedite
ORD-000368,1,2024-04-06,2024-05-05,CUST-1000,Apex Semiconductor,OEM,Americas,United States,CHIP-dsPIC-0003,500,7.08,3540.0,Shipped,Critical
ORD-000563,3,2025-08-15,2025-09-29,CUST-1000,Apex Semiconductor,OEM,Americas,United States,CHIP-dsPIC-0003,500,8.06,4030.0,Shipped,Expedite
ORD-000510,1,2025-11-25,2025-12-02,CUST-1026,Global Electronics,CM,Americas,Mexico,CHIP-MPF-0015,100,13.69,1369.0,Shipped,Standard
ORD-000047,2,2024-12-10,2024-12-28,CUST-1034,Omega Semiconductor,EMS,Japan,Japan,CHIP-MCP-0012,10,9.16,91.6,Confirmed,Expedite
ORD-000488,1,2024-12-03,2025-01-01,CUST-1037,Iris Devices,CM,EMEA,Israel,CHIP-WBZ-0001,1000,27.8,27800.0,Shipped,Critical
ORD-000239,2,12-Jan-2025,2025-02-10,CUST-1001,Pacific Components,Distributor,APAC,China,CHIP-dsPIC-0011,10000,25.08,250800.0,Confirmed,Critical
ORD-000029,1,25-May-2024,2024-06-12,CUST-1000,Apex Semiconductor,OEM,Americas,United States,CHIP-dsPIC-0003,2500,7.37,18425.0,Shipped,Standard
ORD-000502,1,07/06/2024,2024-08-03,CUST-1062,Xeno Manufacturing,OEM,Japan,Japan,CHIP-PIC32-0006,10000,11.03,110300.0,Confirmed,Expedite
ORD-000390,2,2025-12-24,2026-01-17,CUST-9901,TEST Account 2,OEM,Americas,United States,CHIP-WBZ-0003,50,11.54,577.0,Pending,Expedite
ORD-000351,3,06/30/2025,2025-07-05,CUST-1055,Iris Electronics,OEM,APAC,Taiwan,CHIP-WBZ-0006,50,37.73,1886.5,Shipped,Critical
ORD-000379,4,2025-09-04,2025-10-08,CUST-1003,Sigma Electronics,OEM,Japan,Japan,CHIP-MCP-0004,500,20.87,10435.0,Shipped,Standard
ORD-000367,1,04/12/2025,2025-04-13,CUST-1079,Global Technologies,CM,APAC,South Korea,CHIP-WBZ-0016,500,25.72,12860.0,Shipped,Expedite
ORD-000023,2,2024-09-03,2024-10-05,CUST-1019,Halo Manufacturing,OEM,Japan,Japan,CHIP-PIC18-0008,10,14.84,148.4,Confirmed,Standard
ORD-000493,1,2024-02-20,2024-02-21,CUST-1054,Ultra Components,Distributor,Americas,Brazil,CHIP-MCP-0010,500,21.71,10855.0,Confirmed,Standard
ORD-000286,2,05/23/2025,2025-07-02,CUST-1000,Apex Semiconductor,OEM,Americas,United States,CHIP-dsPIC-0003,1000,8.01,8010.0,Cancelled,Standard
ORD-000206,1,2024-07-19,2024-08-29,CUST-1002,Nordic Manufacturing,EMS,EMEA,Germany,CHIP-WBZ-0016,10000,20.05,200500.0,Shipped,Expedite
ORD-000455,2,2024-06-14,2024-07-25,CUST-1028,Drift Solutions,Distributor,EMEA,United Kingdom,CHIP-PIC32-0010,5000,3.03,15150.0,Confirmed,Standard
ORD-000519,1,27-Jul-2025,2025-08-22,CUST-1062,Xeno Manufacturing,OEM,Japan,Japan,CHIP-PIC32-0006,1000,11.64,10803.98,Shipped,Standard
ORD-000275,1,10/03/2024,2024-10-10,CUST-1029,Apex Dynamics,EMS,EMEA,Italy,CHIP-MCP-0009,100,15.63,1563.0,Shipped,Expedite
ORD-000239,1,12-Jan-2025,2025-02-10,CUST-1001,Pacific Components,Distributor,Asia-Pacific,China,CHIP-MPF-0008,250,30.81,7702.5,Confirmed,Critical
ORD-000224,4,2024-05-04,2024-05-28,CUST-1075,Rapid Solutions,OEM,APAC,Singapore,CHIP-MPF-0012,50,13.26,663.0,Shipped,Standard
ORD-000201,1,2024-03-01,2024-04-10,CUST-1073,Wave Systems,CM,EMEA,Israel,CHIP-WBZ-0002,25,15.44,386.0,Backordered,Standard
ORD-000103,1,2024-02-27,2024-03-20,CUST-9901,TEST Account 2,OEM,AMER,United States,CHIP-MCP-0009,10000,17.35,173500.0,Shipped,Expedite
ORD-000502,4,07/06/2024,2024-08-03,CUST-1062,Xeno Manufacturing,OEM,Japan,Japan,CHIP-PIC32-0006,10000,11.49,114900.0,Confirmed,Expedite
ORD-000473,2,2025-07-28,2025-08-19,CUST-1054,Ultra Components,Distributor,Americas,Brazil,CHIP-dsPIC-0007,1000,6.54,6540.0,Shipped,Critical
ORD-000104,1,2025-02-07,2025-02-17,CUST-1000,Apex Semiconductor,OEM,Americas,United States,CHIP-dsPIC-0003,1000,6.97,6970.0,Shipped,Standard
ORD-000368,2,2024-04-06,2024-05-05,CUST-1000,Apex Semiconductor,OEM,Americas,United States,CHIP-MPF-0013,10000,2.3,23000.0,Shipped,Critical
ORD-000041,1,02/08/2025,2025-02-11,CUST-1000,Apex Semiconductor,OEM,Americas,United States,CHIP-dsPIC-0003,250,7.63,1907.5,Confirmed,Critical
ORD-000474,5,04/26/2024,2024-05-25,CUST-1047,Jade Devices,OEM,APAC,Singapore,CHIP-MCP-0005,10000,2.12,21200.0,Shipped,Critical
ORD-000570,3,2024-04-17,2024-05-23,CUST-1021,Echo Systems,EMS,APAC,South Korea,CHIP-PIC32-0007,250,24.9,6225.0,Shipped,Expedite
ORD-000169,1,2024-04-07,2024-05-15,CUST-1079,Global Technologies,CM,APAC,South Korea,CHIP-MPF-0015,100,11.35,1135.0,Shipped,Standard
ORD-000301,4,2024-08-13,2024-09-27,CUST-1046,Sigma Components,EMS,APAC,China,CHIP-WBZ-0003,10,9.59,95.9,Shipped,Standard
ORD-000540,3,2025-02-14,2025-02-26,CUST-1030,Halo Technologies,Distributor,Japan,Japan,CHIP-WBZ-0002,50,16.38,819.0,Shipped,Standard
ORD-000209,2,2024-05-10,2024-05-14,CUST-1022,Jolt Solutions,OEM,APAC,Singapore,CHIP-MCP-0004,2500,16.12,40300.0,Cancelled,Expedite
ORD-000492,1,01/23/2025,2025-03-08,CUST-1045,Ultra Electronics,CM,Americas,Brazil,CHIP-MCP-0006,50,18.35,917.5,Shipped,Critical
ORD-000020,1,2025-11-27,2025-12-26,CUST-1002,Nordic Manufacturing,EMS,EMEA,Germany,CHIP-WBZ-0016,10000,17.62,176200.0,Shipped,Critical
ORD-000315,2,2024-07-17,2024-08-08,CUST-1000,Apex Semiconductor,OEM,AMER,United States,CHIP-dsPIC-0014,250,39.35,9837.5,Shipped,Standard
ORD-000224,3,2024-05-04,2024-05-28,CUST-1075,Rapid Solutions,OEM,Asia-Pacific,Singapore,CHIP-MCP-0012,500,10.46,5230.0,Shipped,Standard
ORD-000208,3,2024-03-17,2024-04-02,CUST-1003,Sigma Electronics,OEM,Japan,Japan,CHIP-PIC32-0008,5000,6.3,31500.0,Shipped,Expedite
ORD-000504,1,04/01/2024,2024-05-05,CUST-1073,Wave Systems,CM,EMEA,Israel,CHIP-MPF-0015,50,7.32,366.06,Shipped,Critical
ORD-000545,1,30-May-2025,2025-07-10,CUST-1073,Wave Systems,CM,EMEA,Israel,CHIP-PIC18-0008,5000,14.41,72050.0,Confirmed,Expedite
ORD-000320,1,11/10/2024,2024-12-17,CUST-1002,Nordic Manufacturing,EMS,EMEA,Germany,CHIP-WBZ-0016,2500,17.31,43275.0,Confirmed,Expedite
ORD-000151,1,09/23/2024,2024-10-17,CUST-1002,Nordic Manufacturing,EMS,EMEA,Germany,CHIP-WBZ-0016,500,19.01,9505.0,Shipped,Critical
ORD-000578,1,2024-08-09,2024-08-29,CUST-1004,Terra Devices,Distributor,Americas,United States,CHIP-dsPIC-0002,250,0.59,147.5,Pending,Standard
ORD-000222,2,05/13/2024,2024-05-27,CUST-1031,Zen Components,OEM,Japan,Japan,CHIP-WBZ-0011,1000,27.45,27450.0,Shipped,Critical
ORD-000065,4,2025-07-17,2025-08-09,CUST-1044,Echo Semiconductor,EMS,APAC,China,CHIP-dsPIC-0011,1000,33.1,33100.0,Shipped,Critical
ORD-000066,3,2025-04-01,2025-05-03,CUST-1070,Zen Solutions,EMS,AMER,Mexico,CHIP-PIC18-0008,50,11.73,586.5,Shipped,Critical
ORD-000350,4,10-Nov-2025,2025-12-02,CUST-1051,Bright Devices,EMS,APAC,China,CHIP-dsPIC-0012,1000,6.51,6510.0,Pending,Standard
ORD-000033,2,02/21/2024,2024-03-03,CUST-1003,Sigma Electronics,OEM,Japan,Japan,CHIP-PIC18-0005,5000,36.71,183550.0,Cancelled,Expedite
ORD-000416,1,2024-07-10,2024-07-31,CUST-1009,Bolt Components,CM,Japan,Japan,CHIP-PIC32-0002,10000,5.34,53400.0,Pending,Standard
ORD-000446,2,2025-10-25,2025-11-26,CUST-1015,Ether Solutions,EMS,APAC,Taiwan,CHIP-WBZ-0012,100,4.56,456.0,Shipped,Expedite
ORD-000230,3,2024-05-17,2024-06-04,CUST-1047,Jade Devices,OEM,APAC,Singapore,CHIP-WBZ-0011,100,26.8,2680.0,Shipped,Standard
ORD-000054,3,2024-01-14,2024-02-26,CUST-1005,Crux Systems,CM,Americas,United States,CHIP-PIC18-0006,10,11.4,114.0,Shipped,Standard
ORD-000312,4,2025-10-14,2025-11-20,CUST-9901,TEST Account 2,OEM,Americas,United States,CHIP-MCP-0012,25,10.23,255.75,Confirmed,Standard
ORD-000501,5,2025-09-13,2025-10-22,CUST-1039,Bright Electronics,CM,Japan,Japan,CHIP-MPF-0010,25,15.49,387.25,Confirmed,Standard
ORD-000576,2,2024-05-21,2024-06-25,CUST-1000,Apex Semiconductor,OEM,Americas,United States,CHIP-dsPIC-0003,10000,7.64,76400.0,Shipped,Expedite
ORD-000362,2,2025-03-03,2025-03-20,CUST-9901,TEST Account 2,OEM,Americas,United States,CHIP-PIC32-0004,1000,38.41,38410.0,Cancelled,Critical
ORD-000557,3,11/11/2024,2024-12-02,CUST-1077,Bright Manufacturing,CM,Americas,Mexico,CHIP-WBZ-0008,1000,29.55,29550.0,Backordered,Standard
ORD-000558,1,11/14/2024,2024-12-10,CUST-1022,Jolt Solutions,OEM,APAC,Singapore,CHIP-MCP-0004,25,15.75,393.75,Shipped,Expedite
ORD-000025,1,2024-01-31,2024-02-22,CUST-1047,Jade Devices,OEM,APAC,Singapore,CHIP-dsPIC-0010,2500,4.38,10950.0,Pending,Expedite
ORD-000414,1,2025-11-13,2025-12-04,CUST-1071,Wave Manufacturing,CM,APAC,Taiwan,CHIP-MCP-0002,100,8.0,800.0,Cancelled,Standard
ORD-000102,2,2025-04-16,2025-05-09,CUST-1000,Apex Semiconductor,OEM,Americas,United States,CHIP-MCP-0005,500,2.2,1100.0,Shipped,Expedite
ORD-000508,1,2025-10-14,2025-11-01,CUST-1000,Apex Semiconductor,OEM,Americas,United States,CHIP-dsPIC-0003,500,7.26,3630.0,Shipped,Expedite
ORD-000002,4,2024-03-17,2024-04-30,CUST-1047,Jade Devices,OEM,APAC,Singapore,CHIP-PIC32-0008,1000,7.06,7060.0,Cancelled,Critical
ORD-000567,1,2025-02-01,2025-03-12,CUST-1000,Apex Semiconductor,OEM,Americas,United States,CHIP-dsPIC-0003,2500,7.46,18650.0,Shipped,Standard
ORD-000053,1,2025-09-24,2025-10-02,CUST-1002,Nordic Manufacturing,EMS,EMEA,Germany,CHIP-WBZ-0016,5000,19.92,99600.0,Shipped,Standard
ORD-000375,2,2024-07-12,2024-07-22,CUST-1077,Bright Manufacturing,CM,AMER,Mexico,CHIP-MPF-0012,250,11.81,2952.5,Shipped,Standard
ORD-000071,1,2025-07-06,2025-08-06,CUST-1000,Apex Semiconductor,OEM,Americas,United States,CHIP-dsPIC-0003,500,7.29,3645.0,Confirmed,Standard
ORD-000513,1,16-Jan-2024,2024-02-07,CUST-1073,Wave Systems,CM,EMEA,Israel,CHIP-WBZ-0002,10000,14.73,147300.0,Confirmed,Expedite
ORD-000500,2,01/09/2024,2024-01-10,CUST-1072,Atlas Systems,OEM,Americas,United States,CHIP-dsPIC-0014,1000,43.42,43420.0,Cancelled,Standard
ORD-000326,2,06/04/2024,2024-06-05,CUST-1062,Xeno Manufacturing,OEM,Japan,Japan,CHIP-PIC32-0006,250,10.89,2722.5,Confirmed,Expedite
ORD-000260,3,2024-07-12,2024-08-19,CUST-1028,Drift Solutions,Distributor,EMEA,United Kingdom,CHIP-PIC32-0010,10,2.9,29.0,Confirmed,Standard
ORD-000125,4,2025-12-28,2026-01-27,CUST-1073,Wave Systems,CM,EMEA,Israel,CHIP-MPF-0015,2500,7.53,18825.0,Shipped,Standard
ORD-000036,3,2025-08-23,2025-08-30,CUST-1055,Iris Electronics,OEM,APAC,Taiwan,CHIP-ORPHAN-0012,10000,10.09,100900.0,Shipped,Expedite
ORD-000487,2,04/16/2025,2025-04-20,CUST-1002,Nordic Manufacturing,EMS,EMEA,Germany,CHIP-MPF-0002,2500,23.95,59875.0,Confirmed,Standard
ORD-000301,2,2024-08-13,2024-09-27,CUST-1046,Sigma Components,EMS,APAC,China,CHIP-WBZ-0010,50,24.61,1230.5,Shipped,Standard
ORD-000309,1,2025-07-31,2025-08-25,CUST-1000,Apex Semiconductor,OEM,Americas,United States,CHIP-dsPIC-0003,250,7.53,1882.5,Shipped,Expedite
ORD-000379,1,2025-09-04,2025-10-08,CUST-1003,Sigma Electronics,OEM,Japan,Japan,CHIP-MPF-0011,2500,26.49,66225.0,Shipped,Standard
ORD-000559,1,04/01/2025,2025-04-10,CUST-9901,TEST Account 2,OEM,Americas,United States,CHIP-PIC32-0004,25,36.78,919.5,Backordered,Expedite
ORD-000288,1,26-Jan-2025,2025-01-28,CUST-1055,Iris Electronics,OEM,APAC,Taiwan,CHIP-WBZ-0001,50,28.01,1400.5,Pending,Standard
ORD-000250,1,30-Aug-2024,2024-09-02,CUST-1002,Nordic Manufacturing,EMS,EMEA,Germany,CHIP-WBZ-0016,5000,19.49,97450.0,Shipped,Expedite
ORD-000396,2,11-Jul-2024,2024-08-06,CUST-1005,Crux Systems,CM,Americas,United States,CHIP-PIC32-0010,100,3.32,332.0,Shipped,Standard
ORD-000570,2,2024-04-17,2024-05-23,CUST-1021,Echo Systems,EMS,APAC,South Korea,CHIP-WBZ-0012,10000,4.94,49400.0,Shipped,Expedite
ORD-000358,1,06/11/2024,2024-07-07,CUST-1027,Rapid Manufacturing,EMS,EMEA,United Kingdom,CHIP-PIC32-0008,250,5.23,1307.5,Confirmed,Expedite
ORD-000254,1,2025-02-19,2025-02-20,CUST-1020,Drift Devices,OEM,EMEA,Italy,CHIP-MCP-0003,500,6.92,3460.0,Confirmed,Critical
ORD-000340,4,07/04/2025,2025-08-03,CUST-1014,Ether Devices,CM,APAC,Singapore,CHIP-MPF-0003,10000,16.44,164400.0,Shipped,Standard
ORD-000375,1,2024-07-12,2024-07-22,CUST-1077,Bright Manufacturing,CM,Americas,Mexico,CHIP-MPF-0012,50,12.1,605.0,Shipped,Standard
ORD-000371,1,07/13/2025,2025-08-25,CUST-1020,Drift Devices,OEM,EMEA,Italy,CHIP-MPF-0009,25,7.07,176.75,Shipped,Critical
ORD-000041,2,02/08/2025,2025-02-11,CUST-1000,Apex Semiconductor,OEM,Americas,United States,CHIP-dsPIC-0003,10000,7.62,76200.0,Confirmed,Critical
ORD-000126,2,26-Jun-2024,2024-08-08,CUST-1035,Kilo Solutions,CM,APAC,South Korea,CHIP-WBZ-0011,10000,21.73,217300.0,Confirmed,Critical
ORD-000524,5,03/09/2025,2025-04-07,CUST-1022,Jolt Solutions,OEM,APAC,Singapore,CHIP-MCP-0004,1000,15.15,15150.0,Cancelled,Expedite
ORD-000109,1,06-Dec-2025,2026-01-09,CUST-1051,Bright Devices,EMS,APAC,China,CHIP-WBZ-0014,10000,14.75,147500.0,Cancelled,Expedite
ORD-000173,1,10/22/2025,2025-11-30,CUST-1041,Giga Semiconductor,Distributor,APAC,Singapore,CHIP-MPF-0016,250,16.54,4135.0,Shipped,Critical
ORD-000415,4,03/13/2024,2024-03-23,CUST-1000,Apex Semiconductor,OEM,Americas,United States,CHIP-dsPIC-0003,5000,6.69,33450.0,Confirmed,Expedite
ORD-000314,1,2024-07-24,2024-08-15,CUST-1000,Apex Semiconductor,OEM,Americas,United States,CHIP-dsPIC-0003,10000,7.31,73100.0,Cancelled,Standard
ORD-000236,1,18-Dec-2024,2024-12-28,CUST-1004,Terra Devices,Distributor,Americas,United States,CHIP-dsPIC-0010,250,3.88,803.1,Shipped,Standard
ORD-000154,2,2025-02-11,2025-02-21,CUST-1002,Nordic Manufacturing,EMS,EMEA,Germany,CHIP-MPF-0012,1000,10.75,10750.0,Pending,Expedite
ORD-000056,2,2025-05-09,2025-06-10,CUST-1048,Vex Systems,Distributor,Americas,United States,CHIP-WBZ-0004,5000,12.0,60000.0,Shipped,Expedite
ORD-000425,1,10/19/2025,2025-11-14,CUST-1053,Sigma Systems,CM,APAC,China,CHIP-WBZ-0016,50,20.93,1046.5,Confirmed,Critical
ORD-000146,3,03/26/2024,2024-05-01,CUST-1000,Apex Semiconductor,OEM,Americas,United States,CHIP-MPF-0006,250,0.73,182.5,Pending,Critical
ORD-000039,2,2025-10-31,2025-11-11,CUST-1060,Prime Electronics  ,Distributor,Asia-Pacific,China,CHIP-dsPIC-0012,10,5.8,58.0,Confirmed,Expedite
ORD-000460,4,02/07/2024,2024-03-21,CUST-1070,Zen Solutions,EMS,Americas,Mexico,CHIP-dsPIC-0003,10,8.62,86.2,Pending,Critical
ORD-000416,3,2024-07-10,2024-07-31,CUST-1009,Bolt Components,CM,Japan,Japan,CHIP-PIC18-0010,2500,16.12,40300.0,Pending,Standard
ORD-000452,1,01/08/2025,2025-01-12,CUST-1002,Nordic Manufacturing,EMS,EMEA,Germany,CHIP-WBZ-0016,1000,19.09,19090.0,Pending,Standard
ORD-000043,2,03/29/2025,2025-04-19,CUST-1002,Nordic Manufacturing,EMS,EMEA,Germany,CHIP-dsPIC-0001,250,25.35,6337.5,Shipped,Expedite
ORD-000376,4,2024-08-01,2024-08-26,CUST-1006,Bolt Systems,OEM,EMEA,United Kingdom,CHIP-PIC18-0010,25,16.92,423.0,Shipped,Expedite
ORD-000454,1,2024-01-22,2024-02-24,CUST-1070,Zen Solutions,EMS,Americas,Mexico,CHIP-MPF-0002,50,28.18,1409.0,Confirmed,Standard
ORD-000143,1,04/22/2024,2024-05-13,CUST-1000,Apex Semiconductor,OEM,Americas,United States,CHIP-dsPIC-0003,500,7.02,3510.0,Shipped,Standard
ORD-000070,2,11/18/2025,2025-11-23,CUST-1009,Bolt Components,CM,Japan,Japan,CHIP-PIC32-0002,10000,5.2,52000.0,Shipped,Standard
ORD-000533,2,2024-07-21,2024-08-30,CUST-1023,Terra Manufacturing,EMS,Americas,United States,CHIP-PIC32-0009,50,24.03,1201.5,Pending,Standard
ORD-000138,1,07-Oct-2025,2025-11-21,CUST-1000,Apex Semiconductor,OEM,Americas,United States,CHIP-dsPIC-0003,500,6.6,3300.0,Shipped,Standard
ORD-000480,1,25-Oct-2025,2025-11-02,CUST-1002,Nordic Manufacturing,EMS,EMEA,Germany,CHIP-WBZ-0016,2500,20.24,50600.0,Cancelled,Expedite
ORD-000404,1,2024-06-05,2024-07-05,CUST-1066,Iris Technologies,OEM,EMEA,France,CHIP-WBZ-0009,1000,15.83,15830.0,Confirmed,Expedite
ORD-000444,3,2025-01-05,2025-01-20,CUST-1000,Apex Semiconductor,OEM,AMER,United States,CHIP-WBZ-0005,2500,10.78,26950.0,Pending,Expedite
ORD-000371,2,07/13/2025,2025-08-25,CUST-1020,Drift Devices,OEM,EMEA,Italy,CHIP-PIC18-0002,50,2.87,143.5,Shipped,Critical
ORD-000348,1,2025-01-01,2025-01-21,CUST-1002,Nordic Manufacturing,EMS,EMEA,Germany,CHIP-WBZ-0016,5000,19.23,96150.0,Shipped,Critical
ORD-000505,1,2025-09-29,2025-11-13,CUST-1063,Jolt Electronics,CM,Japan,Japan,CHIP-PIC18-0006,2500,11.07,27675.0,Shipped,Critical
ORD-000035,1,2025-08-29,2025-09-19,CUST-1001,Pacific Components,Distributor,APAC,China,CHIP-MCP-0002,5000,8.81,44050.0,Pending,Critical
ORD-000442,1,2025-02-14,2025-03-19,CUST-1076,Omega Manufacturing,OEM,EMEA,United Kingdom,CHIP-PIC18-0010,100,18.81,1881.0,Cancelled,Standard
ORD-000559,2,04/01/2025,2025-04-10,CUST-9901,TEST Account 2,OEM,Americas,United States,CHIP-WBZ-0004,100,16.5,1650.0,Backordered,Expedite
ORD-000122,4,05/26/2024,2024-06-02,CUST-1046,Sigma Components,EMS,APAC,China,CHIP-dsPIC-0005,50,8.22,411.0,Pending,Critical
ORD-000437,1,05/26/2025,2025-06-16,CUST-1000,Apex Semiconductor,OEM,Americas,United States,CHIP-dsPIC-0003,5000,7.47,37350.0,Shipped,Expedite
ORD-000054,1,2024-01-14,2024-02-26,CUST-1005,Crux Systems,CM,Americas,United States,CHIP-PIC18-0006,5000,10.87,54350.0,Shipped,Standard
ORD-000175,3,04/27/2025,2025-05-24,CUST-1002,Nordic Manufacturing,EMS,EMEA,Germany,CHIP-WBZ-0016,250,18.5,4625.0,Cancelled,Expedite
ORD-000225,1,2025-11-18,2025-11-19,CUST-1039,Bright Electronics,CM,Japan,Japan,CHIP-MPF-0010,5000,15.31,76550.0,Confirmed,Standard
ORD-000321,1,2025-03-27,2025-04-08,CUST-1000,Apex Semiconductor,OEM,Americas,United States,CHIP-dsPIC-0003,10000,7.3,73000.0,Shipped,Expedite
ORD-000462,1,06/16/2025,2025-07-30,CUST-1028,Drift Solutions,Distributor,EMEA,United Kingdom,CHIP-PIC32-0002,1000,4.73,4730.0,Shipped,Critical
ORD-000244,2,2024-05-29,2024-07-11,CUST-1036,Global Solutions,CM,Americas,United States,CHIP-MPF-0014,50,4.18,209.0,Pending,Critical
ORD-000374,2,2025-10-28,2025-11-19,CUST-1038,Rapid Semiconductor,Distributor,APAC,Taiwan,CHIP-PIC18-0002,10000,1.85,18500.0,Shipped,Critical
ORD-000395,1,2025-06-25,2025-06-26,CUST-1039,Bright Electronics,CM,Japan,Japan,CHIP-MPF-0010,25,15.3,382.5,Shipped,Expedite
ORD-000137,3,12/25/2025,2026-01-26,CUST-1070,Zen Solutions,EMS,Americas,Mexico,CHIP-WBZ-0004,25,14.91,372.75,Shipped,Expedite
ORD-000514,2,2024-02-10,2024-03-17,CUST-1043,Nova Manufacturing,OEM,Japan,Japan,CHIP-dsPIC-0013,5000,6.71,33550.0,Confirmed,Critical
ORD-000087,2,17-Jun-2025,2025-07-16,CUST-1017,Pacific Manufacturing,EMS,JP,Japan,CHIP-PIC18-0006,10,11.18,111.8,Shipped,Standard
ORD-000465,1,2024-04-13,2024-04-19,CUST-1000,Apex Semiconductor,OEM,Americas,United States,CHIP-dsPIC-0003,250,7.88,1970.0,Shipped,Critical
ORD-000289,1,2024-10-16,2024-11-02,CUST-1009,Bolt Components,CM,Japan,Japan,CHIP-dsPIC-0015,1000,12.91,12910.0,Cancelled,Standard
ORD-000345,1,29-Mar-2024,2024-04-10,CUST-1002,Nordic Manufacturing,EMS,EMEA,Germany,CHIP-WBZ-0016,500,19.41,9705.0,Shipped,Critical
ORD-000135,2,2025-12-09,2026-01-21,CUST-1003,Sigma Electronics,OEM,Japan,Japan,CHIP-MCP-0010,500,37.51,18755.0,Pending,Expedite
ORD-000149,3,2025-02-04,2025-02-16,CUST-1055,Iris Electronics,OEM,APAC,Taiwan,CHIP-MPF-0003,1000,19.15,19150.0,Shipped,Standard
ORD-000032,2,2025-02-09,2025-03-14,CUST-1002,Nordic Manufacturing,EMS,EMEA,Germany,CHIP-WBZ-0016,500,19.01,9505.0,Shipped,Expedite
ORD-000042,2,13-Apr-2024,2024-05-02,CUST-1077,Bright Manufacturing,CM,AMER,Mexico,CHIP-WBZ-0002,10,17.19,171.9,Cancelled,Expedite
ORD-000356,3,2024-07-04,2024-08-17,CUST-1036,Global Solutions,CM,Americas,United States,CHIP-MPF-0002,5000,23.89,119450.0,Shipped,Standard
ORD-000050,2,24-Jul-2024,2024-08-15,CUST-1076,Omega Manufacturing,OEM,EMEA,United Kingdom,CHIP-dsPIC-0008,250,0.76,190.0,Shipped,Critical
ORD-000453,1,22-Oct-2024,2024-11-27,CUST-1027,Rapid Manufacturing,EMS,EMEA,United Kingdom,CHIP-MPF-0007,10000,6.75,67500.0,Shipped,Expedite
ORD-000426,1,2024-12-23,2025-02-06,CUST-1000,Apex Semiconductor,OEM,Americas,United States,CHIP-dsPIC-0003,500,6.68,3340.0,Shipped,Expedite
ORD-000562,3,01-Oct-2025,2025-10-16,CUST-1076,Omega Manufacturing,OEM,EMEA,United Kingdom,CHIP-PIC18-0010,5000,18.81,94050.0,Shipped,Standard
ORD-000327,1,09/22/2024,2024-10-31,CUST-1039,Bright Electronics,CM,Japan,Japan,CHIP-MPF-0010,5000,16.06,80300.0,Pending,Standard
ORD-000033,3,02/21/2024,2024-03-03,CUST-1003,Sigma Electronics,OEM,Japan,Japan,CHIP-MCP-0001,2500,21.59,53975.0,Cancelled,Expedite
ORD-000292,1,12/26/2025,2026-01-31,CUST-1002,Nordic Manufacturing,EMS,EMEA,Germany,CHIP-WBZ-0016,500,18.1,9050.0,Confirmed,Expedite
ORD-000344,4,07/12/2025,2025-07-19,CUST-1034,Omega Semiconductor,EMS,Japan,Japan,CHIP-PIC18-0001,250,4.77,1192.5,Shipped,Standard
ORD-000430,2,01-Jan-2024,2024-01-03,CUST-1000,Apex Semiconductor,OEM,AMER,United States,CHIP-MPF-0015,10000,15.05,150500.0,Confirmed,Standard
ORD-000554,1,2024-04-23,2024-05-01,CUST-1071,Wave Manufacturing,CM,Asia-Pacific,Taiwan,CHIP-MCP-0002,500,8.55,4275.0,Confirmed,Critical
ORD-000344,5,07/12/2025,2025-07-19,CUST-1034,Omega Semiconductor,EMS,Japan,Japan,CHIP-WBZ-0012,250,5.03,1257.5,Shipped,Standard
ORD-000448,3,06/04/2024,2024-06-06,CUST-1035,Kilo Solutions,CM,APAC,South Korea,CHIP-MCP-0011,250,21.49,5372.5,Confirmed,Expedite
ORD-000403,1,02/06/2024,2024-03-14,CUST-1011,Helix Dynamics,Distributor,Americas,Mexico,CHIP-PIC32-0006,250,7.46,1865.0,Confirmed,Standard
ORD-000011,3,03/12/2025,2025-04-11,CUST-1015,Ether Solutions,EMS,APAC,Taiwan,CHIP-PIC32-0006,500,11.49,5745.0,Shipped,Expedite
ORD-000271,2,2024-10-12,2024-10-22,CUST-1003,Sigma Electronics,OEM,Japan,Japan,CHIP-WBZ-0006,500,38.47,19235.0,Shipped,Standard
ORD-000416,2,2024-07-10,2024-07-31,CUST-1009,Bolt Components,CM,Japan,Japan,CHIP-PIC32-0002,250,5.16,1290.0,Pending,Standard
ORD-000304,3,02/02/2024,2024-03-04,CUST-1055,Iris Electronics,OEM,Asia-Pacific,Taiwan,CHIP-WBZ-0001,5000,27.6,138000.0,Cancelled,Standard
ORD-000398,2,06/20/2025,2025-07-02,CUST-1006,Bolt Systems  ,OEM,EMEA,United Kingdom,CHIP-WBZ-0008,10,41.22,412.2,Confirmed,Critical
ORD-000149,4,2025-02-04,2025-02-16,CUST-1055,Iris Electronics,OEM,APAC,Taiwan,CHIP-WBZ-0016,250,33.38,8345.0,Shipped,Standard
ORD-000247,1,11/05/2024,2024-12-20,CUST-1000,Apex Semiconductor,OEM,Americas,United States,CHIP-dsPIC-0003,2500,7.71,19275.0,Confirmed,Standard
ORD-000102,1,2025-04-16,2025-05-09,CUST-1000,Apex Semiconductor,OEM,Americas,United States,CHIP-dsPIC-0013,1000,6.71,6710.0,Shipped,Expedite
ORD-000566,2,11/02/2024,2024-11-08,CUST-1000,Apex Semiconductor,OEM,Americas,United States,CHIP-dsPIC-0003,250,6.97,1742.5,Pending,Critical
ORD-000441,1,2025-03-24,2025-04-25,CUST-1008,Jade Systems,EMS,Americas,Canada,CHIP-PIC32-0011,5000,30.36,151800.0,Shipped,Critical
ORD-000080,1,03/15/2024,2024-04-17,CUST-1002,Nordic Manufacturing,EMS,EMEA,Germany,CHIP-WBZ-0016,10000,18.84,188400.0,Shipped,Standard
ORD-000314,2,2024-07-24,2024-08-15,CUST-1000,Apex Semiconductor,OEM,Americas,United States,CHIP-PIC18-0005,1000,41.76,41760.0,Cancelled,Standard
ORD-000564,4,2024-07-08,2024-07-23,CUST-1002,Nordic Manufacturing,EMS,EMEA,Germany,CHIP-MCP-0001,2500,21.37,53425.0,Shipped,Standard
ORD-000339,5,07/22/2025,2025-07-28,CUST-1034,Omega Semiconductor,EMS,Japan,Japan,CHIP-MPF-0016,5000,21.59,107950.0,Cancelled,Expedite
ORD-000083,2,04/16/2025,2025-05-07,CUST-1022,Jolt Solutions,OEM,APAC,Singapore,CHIP-MCP-0004,2500,15.57,38925.0,Confirmed,Standard
ORD-000322,2,2024-02-15,2024-03-25,CUST-1076,Omega Manufacturing,OEM,EMEA,United Kingdom,CHIP-PIC18-0010,500,17.87,8935.0,Shipped,Standard
ORD-000233,1,2025-01-28,2025-03-01,CUST-1038,Rapid Semiconductor,Distributor,APAC,Taiwan,CHIP-PIC18-0002,1000,1.85,1850.0,Shipped,Critical
ORD-000260,2,2024-07-12,2024-08-19,CUST-1028,Drift Solutions,Distributor,EMEA,United Kingdom,CHIP-PIC32-0007,5000,19.05,95250.0,Confirmed,Standard
ORD-000188,1,2024-07-25,2024-08-13,CUST-1037,Iris Devices,CM,EMEA,Israel,CHIP-ORPHAN-0011,1000,24.5,24500.0,Confirmed,Expedite
ORD-000337,2,2024-10-18,2024-12-02,CUST-1047,Jade Devices,OEM,APAC,Singapore,CHIP-dsPIC-0010,10000,4.26,42600.0,Confirmed,Standard
ORD-000264,3,10/23/2024,2024-10-26,CUST-1000,Apex Semiconductor,OEM,Americas,United States,CHIP-WBZ-0016,5000,32.95,164750.0,Backordered,Standard
ORD-000533,1,2024-07-21,2024-08-30,CUST-1023,Terra Manufacturing,EMS,Americas,United States,CHIP-PIC18-0001,1000,4.42,4420.0,Pending,Standard
ORD-000073,1,03/26/2025,2025-04-06,CUST-1001,Pacific Components,Distributor,APAC,China,CHIP-PIC18-0009,500,28.07,14035.0,Shipped,Critical
ORD-000405,1,2025-02-15,2025-02-24,CUST-1041,Giga Semiconductor,Distributor,APAC,Singapore,CHIP-WBZ-0015,2500,2.85,7125.0,Pending,Expedite
ORD-000189,1,04/28/2025,2025-05-09,CUST-1027,Rapid Manufacturing,EMS,EMEA,United Kingdom,CHIP-PIC18-0012,50,24.8,1240.0,Confirmed,Expedite
ORD-000296,2,2025-10-18,2025-10-26,CUST-1000,Apex Semiconductor,OEM,Americas,United States,CHIP-PIC32-0011,5000,45.23,226150.0,Pending,Critical
ORD-000202,1,2024-03-26,2024-05-06,CUST-1000,Apex Semiconductor,OEM,AMER,United States,CHIP-dsPIC-0003,5000,8.03,40150.0,Confirmed,Standard
ORD-000528,1,09/16/2024,2024-10-23,CUST-1000,Apex Semiconductor,OEM,AMER,United States,CHIP-dsPIC-0003,2500,7.65,19125.0,Pending,Expedite
ORD-000284,1,01/17/2024,2024-02-06,CUST-1017,Pacific Manufacturing,EMS,Japan,Japan,CHIP-dsPIC-0007,2500,7.67,19175.0,Cancelled,Critical
ORD-000298,5,2025-06-24,2025-07-10,CUST-1029,Apex Dynamics,EMS,EMEA,Italy,CHIP-MPF-0008,25,28.22,705.5,Confirmed,Critical
ORD-000119,1,2025-08-08,2025-09-18,CUST-1002,Nordic Manufacturing,EMS,EMEA,Germany,CHIP-WBZ-0016,2500,19.07,47675.0,Confirmed,Standard
ORD-000232,2,2025-01-25,2025-02-22,CUST-1000,Apex Semiconductor,OEM,Americas,United States,CHIP-MPF-0007,500,8.31,4155.0,Cancelled,Expedite
ORD-000395,3,2025-06-25,2025-06-26,CUST-1039,Bright Electronics,CM,Japan,Japan,CHIP-MPF-0012,10,12.08,120.8,Shipped,Expedite
ORD-000039,1,2025-10-31,2025-11-11,CUST-1060,Prime Electronics,Distributor,APAC,China,CHIP-dsPIC-0003,100,6.87,687.0,Confirmed,Expedite
ORD-000270,1,2024-04-22,2024-05-07,CUST-1001,Pacific Components,Distributor,APAC,China,CHIP-dsPIC-0002,1000,0.74,740.0,Shipped,Expedite
ORD-000309,2,2025-07-31,2025-08-25,CUST-1000,Apex Semiconductor,OEM,Americas,United States,CHIP-ORPHAN-0003,1000,12.77,12770.0,Shipped,Expedite
ORD-000553,1,2025-09-29,2025-10-11,CUST-1046,Sigma Components,EMS,APAC,China,CHIP-MPF-0015,10000,12.8,128000.0,Cancelled,Critical
ORD-000530,3,08/05/2025,2025-09-03,CUST-1062,Xeno Manufacturing,OEM,Japan,Japan,CHIP-dsPIC-0011,25,34.44,861.0,Shipped,Standard
ORD-000452,2,01/08/2025,2025-01-12,CUST-1002,Nordic Manufacturing,EMS,EMEA,Germany,CHIP-dsPIC-0013,2500,5.3,13250.0,Pending,Standard
ORD-000116,2,2025-11-06,2025-11-16,CUST-1000,Apex Semiconductor,OEM,AMER,United States,CHIP-dsPIC-0003,250,7.53,1882.5,Shipped,Standard
ORD-000557,1,11/11/2024,2024-12-02,CUST-1077,Bright Manufacturing,CM,Americas,Mexico,CHIP-MPF-0012,1000,11.65,11650.0,Backordered,Standard
ORD-000070,3,11/18/2025,2025-11-23,CUST-1009,Bolt Components,CM,Japan,Japan,CHIP-PIC32-0010,1000,3.39,3390.0,Shipped,Standard
ORD-000222,2,05/13/2024,2024-05-27,CUST-1031,Zen Components,OEM,Japan,Japan,CHIP-WBZ-0011,1000,27.45,27450.0,Shipped,Critical
ORD-000545,3,30-May-2025,2025-07-10,CUST-1073,Wave Systems,CM,EMEA,Israel,CHIP-WBZ-0008,5000,31.54,157700.0,Confirmed,Expedite
ORD-000238,1,2025-04-29,2025-05-21,CUST-1067,Jolt Dynamics,CM,JP,Japan,CHIP-dsPIC-0015,100,15.31,1531.0,Confirmed,Expedite
ORD-000286,3,05/23/2025,2025-07-02,CUST-1000,Apex Semiconductor,OEM,Americas,United States,CHIP-dsPIC-0003,500,7.14,3570.0,Cancelled,Standard
ORD-000541,1,2025-05-12,2025-06-24,CUST-1004,Terra Devices,Distributor,Americas,United States,CHIP-MCP-0006,5000,16.13,80650.0,Shipped,Expedite
ORD-000472,1,2024-08-15,2024-09-13,CUST-1002,Nordic Manufacturing,EMS,EMEA,Germany,CHIP-WBZ-0016,5000,19.96,99800.0,Shipped,Standard
ORD-000279,1,06-May-2024,2024-06-12,CUST-1027,Rapid Manufacturing,EMS,EMEA,United Kingdom,CHIP-MPF-0004,2500,4.76,11900.0,Shipped,Expedite
ORD-000145,1,2025-04-29,2025-05-29,CUST-1037,Iris Devices,CM,EMEA,Israel,CHIP-dsPIC-0011,500,22.9,11450.0,Shipped,Critical
ORD-000453,2,22-Oct-2024,2024-11-27,CUST-1027,Rapid Manufacturing,EMS,EMEA,United Kingdom,CHIP-dsPIC-0006,5000,19.69,98450.0,Shipped,Expedite
ORD-000495,1,2024-09-24,2024-11-04,CUST-1053,Sigma Systems,CM,APAC,China,CHIP-WBZ-0016,100,20.42,2042.0,Pending,Critical
ORD-000501,4,2025-09-13,2025-10-22,CUST-1039,Bright Electronics,CM,Japan,Japan,CHIP-MPF-0010,5000,15.49,77450.0,Confirmed,Standard
ORD-000039,4,2025-10-31,2025-11-11,CUST-1060,Prime Electronics,Distributor,APAC,China,CHIP-WBZ-0001,250,25.66,6415.0,Confirmed,Expedite
ORD-000561,1,2024-07-15,2024-08-20,CUST-1008,Jade Systems,EMS,Americas,Canada,CHIP-MPF-0002,500,28.64,14320.0,Confirmed,Critical
ORD-000350,1,10-Nov-2025,2025-12-02,CUST-1051,Bright Devices,EMS,APAC,China,CHIP-WBZ-0014,500,14.06,6038.74,Pending,Standard
ORD-000561,2,2024-07-15,2024-08-20,CUST-1008,Jade Systems,EMS,Americas,Canada,CHIP-dsPIC-0014,10,35.41,354.1,Confirmed,Critical
ORD-000339,4,07/22/2025,2025-07-28,CUST-1034,Omega Semiconductor,EMS,Japan,Japan,CHIP-PIC32-0011,5000,33.77,168850.0,Cancelled,Expedite
ORD-000142,2,06/12/2024,2024-07-25,CUST-1027,Rapid Manufacturing,EMS,EMEA,United Kingdom,CHIP-WBZ-0009,50,12.31,615.5,Cancelled,Standard
ORD-000129,2,2025-01-28,2025-02-21,CUST-1014,Ether Devices,CM,APAC,Singapore,CHIP-PIC32-0005,1000,39.49,39490.0,Pending,Standard
ORD-000009,2,01/11/2024,2024-01-18,CUST-1006,Bolt Systems,OEM,EMEA,United Kingdom,CHIP-PIC18-0010,1000,16.2,16200.0,Shipped,Critical
ORD-000496,1,2025-11-25,2025-12-14,CUST-1000,Apex Semiconductor,OEM,Americas,United States,CHIP-dsPIC-0003,2500,6.8,17000.0,Pending,Critical
ORD-000162,1,2025-09-06,2025-09-26,CUST-1000,Apex Semiconductor,OEM,Americas,United States,CHIP-dsPIC-0003,500,7.9,3950.0,Confirmed,Expedite
ORD-000444,2,2025-01-05,2025-01-20,CUST-1000,Apex Semiconductor,OEM,Americas,United States,CHIP-MCP-0004,2500,21.19,52975.0,Pending,Expedite
ORD-000570,4,2024-04-17,2024-05-23,CUST-1021,Echo Systems,EMS,APAC,South Korea,CHIP-WBZ-0009,5000,10.89,54450.0,Shipped,Expedite
ORD-000155,3,06/21/2025,2025-07-13,CUST-1000,Apex Semiconductor,OEM,Americas,United States,CHIP-dsPIC-0003,250,6.89,1722.5,Shipped,Critical
ORD-000506,1,2024-01-31,2024-03-07,CUST-1000,Apex Semiconductor,OEM,Americas,United States,CHIP-dsPIC-0003,2500,7.14,17850.0,Pending,Standard
ORD-000298,2,2025-06-24,2025-07-10,CUST-1029,Apex Dynamics,EMS,EMEA,Italy,CHIP-dsPIC-0003,25,7.39,184.75,Confirmed,Critical
ORD-000481,1,2024-10-07,2024-11-04,CUST-1003,Sigma Electronics,OEM,Japan,Japan,CHIP-dsPIC-0008,10000,0.82,8200.0,Shipped,Standard
ORD-000185,1,2024-03-26,2024-04-22,CUST-1010,Atlas Semiconductor,EMS,EMEA,Italy,CHIP-WBZ-0007,10000,4.28,42800.0,Cancelled,Expedite
ORD-000076,1,11/06/2025,2025-11-15,CUST-1055,Iris Electronics,OEM,APAC,Taiwan,CHIP-WBZ-0001,5000,28.31,141550.0,Cancelled,Critical
ORD-000184,2,06/01/2024,2024-06-10,CUST-1034,Omega Semiconductor,EMS,JP,Japan,CHIP-WBZ-0015,250,3.41,852.5,Confirmed,Expedite
ORD-000156,1,2024-05-02,2024-05-20,CUST-1002,Nordic Manufacturing,EMS,EMEA,Germany,CHIP-WBZ-0016,5000,18.6,93000.0,Shipped,Standard
ORD-000343,1,2025-10-24,2025-11-11,CUST-1009,Bolt Components,CM,Japan,Japan,CHIP-dsPIC-0007,250,8.94,2235.0,Confirmed,Expedite
ORD-000158,1,2025-07-01,2025-08-08,CUST-1017,Pacific Manufacturing,EMS,Japan,Japan,CHIP-dsPIC-0007,2500,8.12,20300.0,Shipped,Standard
ORD-000428,1,2025-08-06,2025-08-26,CUST-1002,Nordic Manufacturing,EMS,EMEA,Germany,CHIP-WBZ-0016,1000,19.4,19400.0,Pending,Critical
ORD-000296,1,2025-10-18,2025-10-26,CUST-1000,Apex Semiconductor,OEM,Americas,United States,CHIP-dsPIC-0003,500,6.87,3435.0,Pending,Critical
ORD-000105,1,2025-09-30,2025-10-10,CUST-1073,Wave Systems,CM,EMEA,Israel,CHIP-MPF-0015,25,7.64,191.0,Shipped,Standard
ORD-000562,2,01-Oct-2025,2025-10-16,CUST-1076,Omega Manufacturing,OEM,EMEA,United Kingdom,CHIP-MPF-0015,500,15.66,7830.0,Shipped,Standard
ORD-000263,2,2025-07-13,2025-08-22,CUST-1009,Bolt Components,CM,JP,Japan,CHIP-PIC32-0005,500,39.84,19920.0,Shipped,Critical
ORD-000313,1,07-Jul-2025,2025-07-29,CUST-1063,Jolt Electronics,CM,Japan,Japan,CHIP-PIC18-0006,25,10.29,257.25,Shipped,Expedite
ORD-000559,3,04/01/2025,2025-04-10,CUST-9901,TEST Account 2,OEM,Americas,United States,CHIP-MCP-0009,500,17.95,8975.0,Backordered,Expedite
ORD-000328,2,2025-01-13,2025-01-27,CUST-1000,Apex Semiconductor,OEM,Americas,United States,CHIP-MCP-0006,250,26.18,6545.0,Shipped,Critical
ORD-000352,2,03/25/2024,2024-04-17,CUST-1002,Nordic Manufacturing,EMS,EMEA,Germany,CHIP-WBZ-0016,1000,19.5,19500.0,Confirmed,Standard
ORD-000201,2,2024-03-01,2024-04-10,CUST-1073,Wave Systems,CM,EMEA,Israel,CHIP-MPF-0015,2500,7.72,19300.0,Backordered,Standard
ORD-000456,1,02/07/2024,2024-02-21,CUST-1044,Echo Semiconductor,EMS,APAC,China,CHIP-WBZ-0012,1000,4.85,4850.0,Shipped,Expedite
ORD-000118,1,04/21/2024,2024-05-18,CUST-1002,Nordic Manufacturing,EMS,EMEA,Germany,CHIP-WBZ-0016,2500,19.45,48625.0,Backordered,Standard
ORD-000271,1,2024-10-12,2024-10-22,CUST-1003,Sigma Electronics,OEM,Japan,Japan,CHIP-dsPIC-0015,2500,16.75,41875.0,Shipped,Standard
ORD-000272,2,2024-08-03,2024-08-18,CUST-1036,Global Solutions,CM,AMER,United States,CHIP-MCP-0005,10000,1.81,18100.0,Shipped,Standard
ORD-000556,1,2025-09-20,2025-10-18,CUST-1047,Jade Devices,OEM,APAC,Singapore,CHIP-dsPIC-0010,50,4.44,222.0,Shipped,Expedite
ORD-000354,1,10/08/2024,2024-10-31,CUST-1000,Apex Semiconductor,OEM,Americas,United States,CHIP-dsPIC-0003,250,6.87,1717.5,Backordered,Critical
ORD-000506,3,2024-01-31,2024-03-07,CUST-1000,Apex Semiconductor,OEM,Americas,United States,CHIP-dsPIC-0015,5000,16.88,84400.0,Pending,Standard
ORD-000306,2,2024-10-03,2024-11-14,CUST-1055,Iris Electronics,OEM,APAC,Taiwan,CHIP-PIC18-0011,2500,29.67,74175.0,Shipped,Critical
ORD-000520,2,2024-02-18,2024-03-02,CUST-1034,Omega Semiconductor,EMS,Japan,Japan,CHIP-MPF-0012,100,10.65,1065.0,Confirmed,Critical
ORD-000367,2,04/12/2025,2025-04-13,CUST-1079,Global Technologies,CM,Asia-Pacific,South Korea,CHIP-WBZ-0016,2500,25.62,64050.0,Shipped,Expedite
ORD-000419,2,03/02/2025,2025-04-03,CUST-1000,Apex Semiconductor,OEM,Americas,United States,CHIP-MCP-0004,1000,20.37,19310.83,Shipped,Expedite
ORD-000060,1,2024-02-17,2024-03-29,CUST-1003,Sigma Electronics,OEM,JP,Japan,CHIP-WBZ-0016,10000,32.23,322300.0,Pending,Critical
ORD-000122,2,05/26/2024,2024-06-02,CUST-1046,Sigma Components,EMS,APAC,China,CHIP-MPF-0011,500,20.72,10360.0,Pending,Critical
ORD-000564,2,2024-07-08,2024-07-23,CUST-1002,Nordic Manufacturing,EMS,EMEA,Germany,CHIP-MCP-0005,10000,1.64,16400.0,Shipped,Standard
ORD-000512,2,2025-11-28,2025-12-19,CUST-1002,Nordic Manufacturing,EMS,EMEA,Germany,CHIP-WBZ-0016,2500,19.96,49900.0,Shipped,Expedite
ORD-000498,3,2025-01-12,2025-01-28,CUST-1011,Helix Dynamics,Distributor,Americas,Mexico,CHIP-PIC32-0006,25,7.19,179.75,Confirmed,Critical
ORD-000441,1,2025-03-24,2025-04-25,CUST-1008,Jade Systems,EMS,Americas,Canada,CHIP-PIC32-0011,5000,30.36,151800.0,Shipped,Critical
ORD-000514,1,2024-02-10,2024-03-17,CUST-1043,Nova Manufacturing,OEM,Japan,Japan,CHIP-dsPIC-0001,5000,30.92,154600.0,Confirmed,Critical
ORD-000221,1,2024-07-29,2024-08-13,CUST-9901,TEST Account 2,OEM,Americas,United States,CHIP-MCP-0009,50,17.1,855.0,Shipped,Critical
ORD-000498,2,2025-01-12,2025-01-28,CUST-1011,Helix Dynamics,Distributor,Americas,Mexico,CHIP-PIC32-0006,250,7.62,1905.0,Confirmed,Critical
ORD-000207,1,2025-03-13,2025-04-24,CUST-1043,Nova Manufacturing,OEM,Japan,Japan,CHIP-dsPIC-0001,1000,28.91,28910.0,Confirmed,Critical
ORD-000547,2,04/19/2024,2024-05-19,CUST-1000,Apex Semiconductor,OEM,Americas,United States,CHIP-MCP-0006,5000,22.66,113300.0,Confirmed,Critical
ORD-000497,2,11/13/2024,2024-11-30,CUST-1018,Echo Devices,OEM,EMEA,Israel,CHIP-dsPIC-0013,500,6.58,3290.0,Shipped,Standard
ORD-000577,1,2024-01-01,2024-01-07,CUST-1073,Wave Systems,CM,EMEA,Israel,CHIP-WBZ-0002,10,15.79,157.9,Confirmed,Standard
ORD-000246,1,2025-08-14,2025-08-23,CUST-1025,Bright Systems,EMS,EMEA,France,CHIP-PIC18-0002,100,2.52,252.0,Shipped,Expedite
ORD-000140,1,2024-03-05,2024-03-13,CUST-1047,Jade Devices,OEM,APAC,Singapore,CHIP-MPF-0016,2500,24.12,60300.0,Shipped,Expedite
ORD-000270,4,2024-04-22,2024-05-07,CUST-1001,Pacific Components,Distributor,APAC,China,CHIP-WBZ-0012,500,4.76,2380.0,Shipped,Expedite
ORD-000118,2,04/21/2024,2024-05-18,CUST-1002,Nordic Manufacturing,EMS,EMEA,Germany,CHIP-MPF-0015,5000,11.11,55550.0,Backordered,Standard
ORD-000100,1,2025-02-26,2025-04-08,CUST-1020,Drift Devices,OEM,EMEA,Italy,CHIP-MPF-0009,1000,7.17,7170.0,Shipped,Critical
ORD-000153,1,2024-04-04,2024-04-25,CUST-1023,Terra Manufacturing,EMS,Americas,United States,CHIP-PIC18-0001,100,4.32,432.0,Shipped,Critical
ORD-000108,2,2025-12-30,2026-01-01,CUST-1000,Apex Semiconductor,OEM,AMER,United States,CHIP-dsPIC-0004,1000,52.33,52330.0,Shipped,Critical
ORD-000551,1,11/21/2024,2025-01-02,CUST-1002,Nordic Manufacturing,EMS,EMEA,Germany,CHIP-WBZ-0016,2500,19.87,49675.0,Shipped,Standard
ORD-000299,1,2024-01-17,2024-02-16,CUST-1035,Kilo Solutions,CM,APAC,South Korea,CHIP-MCP-0002,250,9.26,2315.0,Shipped,Standard
ORD-000223,1,2025-12-18,2026-01-07,CUST-1000,Apex Semiconductor,OEM,AMER,United States,CHIP-dsPIC-0003,2500,7.32,18300.0,Shipped,Standard
ORD-000470,2,2024-01-08,2024-01-19,CUST-1028,Drift Solutions,Distributor,EMEA,United Kingdom,CHIP-PIC18-0009,1000,24.03,24030.0,Backordered,Expedite
ORD-000332,1,2024-10-26,2024-12-08,CUST-1034,Omega Semiconductor,EMS,Japan,Japan,CHIP-MCP-0005,250,1.55,387.5,Shipped,Critical
ORD-000420,2,10/14/2024,2024-11-19,CUST-1065,Bolt Devices,OEM,Americas,Mexico,CHIP-MPF-0002,10,32.74,327.4,Shipped,Expedite
ORD-000316,2,2025-11-04,2025-11-12,CUST-1000,Apex Semiconductor,OEM,Americas,United States,CHIP-PIC18-0007,10000,22.65,226500.0,Confirmed,Standard
ORD-000027,1,03/20/2024,2024-04-26,CUST-1000,Apex Semiconductor,OEM,Americas,United States,CHIP-dsPIC-0003,5000,8.05,40250.0,Shipped,Critical
ORD-000226,2,03/30/2025,2025-04-03,CUST-1044,Echo Semiconductor,EMS,APAC,China,CHIP-WBZ-0011,100,24.09,2409.0,Confirmed,Standard
ORD-000467,2,2024-04-08,2024-05-10,CUST-1004,Terra Devices,Distributor,Americas,United States,CHIP-WBZ-0002,2500,15.25,38125.0,Confirmed,Critical
ORD-000038,1,04/13/2024,2024-05-14,CUST-1053,Sigma Systems,CM,APAC,China,CHIP-dsPIC-0001,2500,24.87,62175.0,Pending,Critical
ORD-000384,2,2024-03-26,2024-03-27,CUST-1000,Apex Semiconductor,OEM,Americas,United States,CHIP-MPF-0004,250,5.63,1407.5,Shipped,Expedite
ORD-000196,5,09/01/2025,2025-09-16,CUST-1079,Global Technologies,CM,APAC,South Korea,CHIP-dsPIC-0002,100,0.71,71.0,Shipped,Expedite
ORD-000311,2,2024-04-08,2024-05-21,CUST-1002,Nordic Manufacturing,EMS,EMEA,Germany,CHIP-WBZ-0001,250,28.67,7167.5,Shipped,Critical
ORD-000413,1,2024-02-06,2024-03-22,CUST-9901,TEST Account 2,OEM,Americas,United States,CHIP-PIC32-0004,1000,38.32,38320.0,Confirmed,Critical
ORD-000507,2,2025-09-06,2025-10-02,CUST-1062,Xeno Manufacturing,OEM,Japan,Japan,CHIP-PIC32-0006,1000,11.38,11380.0,Cancelled,Expedite
ORD-000005,1,2024-09-05,2024-10-12,CUST-1055,Iris Electronics,OEM,APAC,Taiwan,CHIP-WBZ-0001,250,26.22,6555.0,Confirmed,Critical
ORD-000166,2,2025-04-05,2025-04-26,CUST-1029,Apex Dynamics,EMS,EMEA,Italy,CHIP-MPF-0005,10000,3.17,31700.0,Cancelled,Expedite
ORD-000574,2,2025-08-30,2025-10-05,CUST-1057,Halo Semiconductor,Distributor,APAC,Taiwan,CHIP-PIC18-0001,2500,4.12,10300.0,Confirmed,Expedite
ORD-000302,2,2024-05-30,2024-06-06,CUST-1026,Global Electronics,CM,Americas,Mexico,CHIP-PIC18-0004,10000,8.62,86200.0,Shipped,Critical
ORD-000410,2,27-Mar-2025,2025-05-04,CUST-1051,Bright Devices,EMS,APAC,China,CHIP-PIC32-0002,50,5.48,274.0,Confirmed,Expedite
ORD-000474,1,04/26/2024,2024-05-25,CUST-1047,Jade Devices,OEM,Asia-Pacific,Singapore,CHIP-dsPIC-0010,5000,4.41,22050.0,Shipped,Critical
ORD-000007,1,2024-11-17,2024-11-29,CUST-1002,Nordic Manufacturing,EMS,EMEA,Germany,CHIP-WBZ-0016,5000,19.46,97300.0,Backordered,Expedite
ORD-000038,2,04/13/2024,2024-05-14,CUST-1053,Sigma Systems,CM,APAC,China,CHIP-MPF-0016,1000,18.45,18450.0,Pending,Critical
ORD-000001,1,01/10/2024,2024-02-24,CUST-1063,Jolt Electronics,CM,Japan,Japan,CHIP-PIC18-0006,10000,11.24,112400.0,Shipped,Expedite
ORD-000481,2,2024-10-07,2024-11-04,CUST-1003,Sigma Electronics,OEM,Japan,Japan,CHIP-MPF-0015,250,15.09,3772.5,Shipped,Standard
ORD-000565,1,2024-02-05,2024-02-06,CUST-1000,Apex Semiconductor,OEM,Americas,United States,CHIP-PIC18-0009,250,40.12,10030.0,Shipped,Standard
ORD-000337,1,2024-10-18,2024-12-02,CUST-1047,Jade Devices,OEM,APAC,Singapore,CHIP-dsPIC-0010,500,4.64,2320.0,Confirmed,Standard
ORD-000486,1,12/06/2025,2025-12-24,CUST-1003,Sigma Electronics,OEM,Japan,Japan,CHIP-MCP-0010,500,41.52,20760.0,Confirmed,Critical
ORD-000537,1,01-Mar-2024,2024-03-09,CUST-1001,Pacific Components,Distributor,APAC,China,CHIP-PIC18-0003,5000,22.96,114800.0,Shipped,Expedite
ORD-000136,1,04/15/2024,2024-04-18,CUST-1028,Drift Solutions,Distributor,EMEA,United Kingdom,CHIP-PIC32-0002,2500,4.76,11900.0,Shipped,Critical
ORD-000302,4,2024-05-30,2024-06-06,CUST-1026,Global Electronics,CM,Americas,Mexico,CHIP-MPF-0011,100,22.62,2262.0,Shipped,Critical
ORD-000078,1,2025-07-17,2025-08-26,CUST-1000,Apex Semiconductor,OEM,AMER,United States,CHIP-dsPIC-0003,250,7.55,1887.5,Confirmed,Critical
ORD-000432,2,2024-02-18,2024-03-08,CUST-1034,Omega Semiconductor,EMS,Japan,Japan,CHIP-PIC32-0007,50,22.95,1147.5,Shipped,Critical
ORD-000409,1,07/19/2025,2025-08-29,CUST-1076,Omega Manufacturing,OEM,EMEA,United Kingdom,CHIP-WBZ-0001,50,34.64,1732.0,Shipped,Expedite
ORD-000146,2,03/26/2024,2024-05-01,CUST-1000,Apex Semiconductor,OEM,Americas,United States,CHIP-WBZ-0003,250,12.82,3205.0,Pending,Critical
ORD-000318,1,10/03/2024,2024-10-21,CUST-1000,Apex Semiconductor,OEM,Americas,United States,CHIP-dsPIC-0003,5000,6.86,34300.0,Confirmed,Expedite
ORD-000380,2,09/13/2024,2024-09-25,CUST-1005,Crux Systems,CM,Americas,United States,CHIP-dsPIC-0004,10,43.56,459.06,Cancelled,Expedite
ORD-000142,1,06/12/2024,2024-07-25,CUST-1027,Rapid Manufacturing,EMS,EMEA,United Kingdom,CHIP-PIC18-0006,250,12.47,3117.5,Cancelled,Standard
ORD-000276,1,2024-10-02,2024-10-08,CUST-1054,Ultra Components,Distributor,Americas,Brazil,CHIP-MCP-0010,10,20.33,203.3,Backordered,Critical
ORD-000383,3,11/19/2025,2025-11-29,CUST-1029,Apex Dynamics,EMS,EMEA,Italy,CHIP-MPF-0004,250,4.17,1042.5,Shipped,Standard
ORD-000478,2,2024-10-06,2024-11-12,CUST-1004,Terra Devices,Distributor,Americas,United States,CHIP-PIC32-0007,5000,18.24,91200.0,Pending,Standard
ORD-000563,1,2025-08-15,2025-09-29,CUST-1000,Apex Semiconductor,OEM,Americas,United States,CHIP-dsPIC-0003,1000,6.88,6880.0,Shipped,Expedite
ORD-000244,1,2024-05-29,2024-07-11,CUST-1036,Global Solutions,CM,Americas,United States,CHIP-MPF-0014,250,4.44,1110.0,Pending,Critical
ORD-000517,3,2025-08-05,2025-08-08,CUST-1015,Ether Solutions,EMS,APAC,Taiwan,CHIP-WBZ-0012,100,4.76,476.0,Shipped,Standard
ORD-000301,1,2024-08-13,2024-09-27,CUST-1046,Sigma Components,EMS,APAC,China,CHIP-MPF-0011,10000,20.37,203700.0,Shipped,Standard
ORD-000082,2,08-May-2025,2025-06-01,CUST-1010,Atlas Semiconductor,EMS,EMEA,Italy,CHIP-MCP-0008,5000,16.56,82800.0,Confirmed,Expedite
ORD-000516,1,2025-05-21,2025-06-30,CUST-1003,Sigma Electronics,OEM,Japan,Japan,CHIP-MPF-0013,2500,2.59,6475.0,Confirmed,Expedite
ORD-000530,1,08/05/2025,2025-09-03,CUST-1062,Xeno Manufacturing,OEM,Japan,Japan,CHIP-PIC32-0006,5000,10.83,54150.0,Shipped,Standard
ORD-000549,2,2024-09-21,2024-10-17,CUST-1000,Apex Semiconductor,OEM,Americas,United States,CHIP-dsPIC-0014,1000,47.51,47510.0,Shipped,Critical
ORD-000338,1,2024-03-26,2024-04-05,CUST-1037,Iris Devices,CM,EMEA,Israel,CHIP-dsPIC-0011,10,23.5,235.0,Shipped,Expedite
ORD-000230,1,2024-05-17,2024-06-04,CUST-1047,Jade Devices,OEM,APAC,Singapore,CHIP-PIC32-0010,250,4.42,1105.0,Shipped,Standard
ORD-000401,1,2024-06-05,2024-06-24,CUST-1046,Sigma Components,EMS,APAC,China,CHIP-MPF-0011,10,21.35,213.5,Confirmed,Standard
ORD-000487,3,04/16/2025,2025-04-20,CUST-1002,Nordic Manufacturing,EMS,EMEA,Germany,CHIP-PIC18-0002,250,2.25,562.5,Confirmed,Standard
ORD-000108,1,2025-12-30,2026-01-01,CUST-1000,Apex Semiconductor,OEM,Americas,United States,CHIP-dsPIC-0003,250,7.07,1767.5,Shipped,Critical
ORD-000026,1,2024-08-21,2024-09-23,CUST-1048,Vex Systems,Distributor,Americas,United States,CHIP-MCP-0003,50,4.86,243.0,Shipped,Standard
ORD-000456,2,02/07/2024,2024-02-21,CUST-1044,Echo Semiconductor,EMS,APAC,China,CHIP-PIC18-0001,2500,5.81,14525.0,Shipped,Expedite
ORD-000340,2,07/04/2025,2025-08-03,CUST-1014,Ether Devices,CM,APAC,Singapore,CHIP-MPF-0015,10000,12.65,126500.0,Shipped,Standard
ORD-000230,2,2024-05-17,2024-06-04,CUST-1047,Jade Devices  ,OEM,APAC,Singapore,CHIP-dsPIC-0014,100,44.37,4437.0,Shipped,Standard
ORD-000155,1,06/21/2025,2025-07-13,CUST-1000,Apex Semiconductor,OEM,Americas,United States,CHIP-dsPIC-0003,10000,7.57,75700.0,Shipped,Critical
ORD-000330,1,2025-10-11,2025-11-21,CUST-1079,Global Technologies,CM,APAC,South Korea,CHIP-WBZ-0016,100,24.37,2437.0,Shipped,Standard
ORD-000319,2,2024-08-09,2024-08-11,CUST-1053,Sigma Systems,CM,APAC,China,CHIP-WBZ-0016,50,21.23,1061.5,Shipped,Critical
ORD-000310,1,02-Nov-2025,2025-12-09,CUST-1002,Nordic Manufacturing,EMS,EMEA,Germany,CHIP-WBZ-0016,2500,18.9,47250.0,Shipped,Critical
ORD-000140,2,2024-03-05,2024-03-13,CUST-1047,Jade Devices,OEM,APAC,Singapore,CHIP-dsPIC-0001,10,32.47,380.05,Shipped,Expedite
ORD-000064,1,2025-04-04,2025-04-16,CUST-1042,Crux Components,Distributor,APAC,India,CHIP-PIC18-0012,25,20.84,521.0,Backordered,Standard
ORD-000077,2,09/24/2024,2024-10-29,CUST-1037,Iris Devices,CM,EMEA,Israel,CHIP-WBZ-0001,1000,28.95,28950.0,Shipped,Expedite
ORD-000354,2,10/08/2024,2024-10-31,CUST-1000,Apex Semiconductor,OEM,AMER,United States,CHIP-dsPIC-0003,1000,7.85,7850.0,Backordered,Critical
ORD-000014,1,2024-08-18,2024-09-22,CUST-1002,Nordic Manufacturing,EMS,EMEA,Germany,CHIP-PIC18-0003,5000,24.11,120550.0,Shipped,Expedite
ORD-000120,5,2025-09-22,2025-10-19,CUST-1002,Nordic Manufacturing,EMS,EMEA,Germany,CHIP-MPF-0003,1000,13.55,13550.0,Shipped,Expedite
ORD-000194,1,2025-06-16,2025-07-21,CUST-1038,Rapid Semiconductor,Distributor,APAC,Taiwan,CHIP-PIC18-0002,50,1.87,93.5,Shipped,Standard
ORD-000295,1,2025-11-29,2025-12-27,CUST-1003,Sigma Electronics,OEM,Japan,Japan,CHIP-PIC18-0003,2500,25.99,64975.0,Shipped,Expedite
ORD-000393,1,2024-01-07,2024-02-16,CUST-1045,Ultra Electronics,CM,Americas,Brazil,CHIP-PIC18-0008,10000,11.48,114800.0,Shipped,Expedite
ORD-000335,2,22-Jul-2024,2024-08-02,CUST-1017,Pacific Manufacturing,EMS,Japan,Japan,CHIP-PIC32-0009,5000,22.77,113850.0,Pending,Expedite
ORD-000019,1,11/01/2025,2025-11-25,CUST-1000,Apex Semiconductor,OEM,Americas,United States,CHIP-dsPIC-0003,2500,7.58,18950.0,Shipped,Expedite
ORD-000491,2,02/03/2024,2024-02-04,CUST-1015,Ether Solutions,EMS,APAC,Taiwan,CHIP-dsPIC-0012,2500,7.31,18275.0,Pending,Critical
ORD-000564,3,2024-07-08,2024-07-23,CUST-1002,Nordic Manufacturing,EMS,EMEA,Germany,CHIP-WBZ-0016,5000,18.41,92050.0,Shipped,Standard
ORD-000163,1,2025-06-19,2025-08-01,CUST-1046,Sigma Components,EMS,APAC,China,CHIP-MPF-0011,50,22.1,1105.0,Confirmed,Standard
ORD-000120,4,2025-09-22,2025-10-19,CUST-1002,Nordic Manufacturing,EMS,EMEA,Germany,CHIP-WBZ-0016,10000,18.29,182900.0,Shipped,Expedite
ORD-000178,3,2025-02-22,2025-03-04,CUST-1001,Pacific Components,Distributor,APAC,China,CHIP-MCP-0008,1000,14.83,14830.0,Shipped,Expedite
ORD-000203,1,13-Oct-2024,2024-11-10,CUST-1048,Vex Systems,Distributor,Americas,United States,CHIP-MCP-0003,250,5.01,1252.5,Shipped,Critical
ORD-000352,5,03/25/2024,2024-04-17,CUST-1002,Nordic Manufacturing,EMS,EMEA,Germany,CHIP-WBZ-0016,1000,18.89,18890.0,Confirmed,Standard
ORD-000236,3,18-Dec-2024,2024-12-28,CUST-1004,Terra Devices,Distributor,Americas,United States,CHIP-WBZ-0015,500,2.65,1325.0,Shipped,Standard
ORD-000277,2,2024-05-12,2024-06-26,CUST-1000,Apex Semiconductor,OEM,Americas,United States,CHIP-dsPIC-0003,10000,7.56,75600.0,Confirmed,Expedite
ORD-000165,2,24-Feb-2024,2024-02-29,CUST-1006,Bolt Systems,OEM,EMEA,United Kingdom,CHIP-PIC18-0010,2500,16.02,40050.0,Shipped,Standard
ORD-000365,1,2025-05-10,2025-06-04,CUST-1034,Omega Semiconductor,EMS,Japan,Japan,CHIP-MPF-0012,50,10.75,537.5,Shipped,Standard
ORD-000475,4,2025-10-19,2025-11-12,CUST-9901,TEST Account 2,OEM,Americas,United States,CHIP-MCP-0009,10,17.41,174.1,Shipped,Standard
ORD-000449,1,30-Dec-2025,2026-01-28,CUST-1002,Nordic Manufacturing,EMS,EMEA,Germany,CHIP-WBZ-0016,250,18.85,4712.5,Shipped,Critical
ORD-000017,2,05/16/2025,2025-05-26,CUST-1055,Iris Electronics,OEM,APAC,Taiwan,CHIP-WBZ-0003,10,13.09,130.9,Confirmed,Expedite
ORD-000383,4,11/19/2025,2025-11-29,CUST-1029,Apex Dynamics,EMS,EMEA,Italy,CHIP-MCP-0011,5000,23.15,115750.0,Shipped,Standard
ORD-000460,3,02/07/2024,2024-03-21,CUST-1070,Zen Solutions,EMS,Americas,Mexico,CHIP-PIC32-0004,10000,39.28,392800.0,Pending,Critical
ORD-000281,1,2024-03-07,2024-03-28,CUST-1002,Nordic Manufacturing,EMS,EMEA,Germany,CHIP-MPF-0002,250,24.57,6142.5,Shipped,Critical
ORD-000097,2,05/17/2024,2024-06-03,CUST-1000,Apex Semiconductor,OEM,Americas,United States,CHIP-dsPIC-0001,250,31.82,7955.0,Cancelled,Expedite
ORD-000476,1,2025-01-07,2025-01-12,CUST-1009,Bolt Components,CM,Japan,Japan,CHIP-PIC32-0002,500,4.97,2485.0,Shipped,Critical
ORD-000056,3,2025-05-09,2025-06-10,CUST-1048,Vex Systems,Distributor,AMER,United States,CHIP-WBZ-0013,50,15.74,787.0,Shipped,Expedite
ORD-000022,2,2025-08-26,2025-09-20,CUST-1051,Bright Devices,EMS,APAC,China,CHIP-dsPIC-0009,100,15.96,1596.0,Shipped,Expedite
ORD-000164,1,31-Dec-2025,2026-02-07,CUST-1040,Delta Systems,CM,APAC,India,CHIP-MPF-0001,1000,20.12,20120.0,Confirmed,Critical
ORD-000219,2,2024-08-21,2024-09-05,CUST-1076,Omega Manufacturing,OEM,EMEA,United Kingdom,CHIP-PIC18-0010,500,18.2,9100.0,Pending,Standard
ORD-000004,1,2024-10-03,2024-10-10,CUST-1023,Terra Manufacturing,EMS,Americas,United States,CHIP-PIC18-0001,25,4.24,106.0,Shipped,Standard
ORD-000040,1,2024-03-28,2024-05-10,CUST-1071,Wave Manufacturing,CM,APAC,Taiwan,CHIP-MCP-0002,5000,8.0,40000.0,Shipped,Critical
ORD-000259,1,2024-05-14,2024-05-22,CUST-1054,Ultra Components,Distributor,Americas,Brazil,CHIP-WBZ-0008,100,26.08,2608.0,Backordered,Standard
ORD-000384,4,2024-03-26,2024-03-27,CUST-1000,Apex Semiconductor,OEM,Americas,United States,CHIP-WBZ-0016,5000,32.15,160750.0,Shipped,Expedite
ORD-000161,1,2025-03-10,2025-03-24,CUST-1000,Apex Semiconductor,OEM,Americas,United States,CHIP-dsPIC-0003,2500,6.74,16850.0,Confirmed,Expedite
ORD-000035,3,2025-08-29,2025-09-19,CUST-1001,Pacific Components,Distributor,APAC,China,CHIP-ORPHAN-0015,5000,5.44,27200.0,Pending,Critical
ORD-000377,1,2024-11-27,2024-11-30,CUST-1047,Jade Devices,OEM,Asia-Pacific,Singapore,CHIP-ORPHAN-0009,50,3.94,197.0,Shipped,Standard
ORD-000259,3,2024-05-14,2024-05-22,CUST-1054,Ultra Components,Distributor,Americas,Brazil,CHIP-WBZ-0001,250,26.26,6565.0,Backordered,Standard
ORD-000333,1,2025-05-15,2025-06-23,CUST-1066,Iris Technologies,OEM,EMEA,France,CHIP-PIC18-0002,1000,2.9,2900.0,Shipped,Standard
ORD-000209,4,2024-05-10,2024-05-14,CUST-1022,Jolt Solutions,OEM,APAC,Singapore,CHIP-MCP-0004,5000,15.4,77000.0,Cancelled,Expedite
ORD-000492,2,01/23/2025,2025-03-08,CUST-1045,Ultra Electronics,CM,Americas,Brazil,CHIP-PIC18-0008,50,12.19,609.5,Shipped,Critical
ORD-000350,3,10-Nov-2025,2025-12-02,CUST-1051,Bright Devices,EMS,APAC,China,CHIP-WBZ-0014,5000,15.07,75350.0,Pending,Standard
ORD-000526,1,10-Aug-2024,2024-09-16,CUST-1014,Ether Devices,CM,APAC,Singapore,CHIP-PIC32-0005,50,36.51,1825.5,Confirmed,Standard
ORD-000249,1,2025-09-05,2025-10-20,CUST-1029,Apex Dynamics,EMS,EMEA,Italy,CHIP-PIC32-0003,50,8.38,419.0,Shipped,Critical
ORD-000328,1,2025-01-13,2025-01-27,CUST-1000,Apex Semiconductor,OEM,Americas,United States,CHIP-MCP-0004,2500,18.73,46825.0,Shipped,Critical
ORD-000433,2,03-Jan-2025,2025-01-31,CUST-1057,Halo Semiconductor,Distributor,APAC,Taiwan,CHIP-dsPIC-0004,50,34.72,1736.0,Shipped,Expedite
ORD-000202,3,2024-03-26,2024-05-06,CUST-1000,Apex Semiconductor,OEM,Americas,United States,CHIP-dsPIC-0003,5000,7.41,37050.0,Confirmed,Standard
ORD-000352,4,03/25/2024,2024-04-17,CUST-1002,Nordic Manufacturing,EMS,EMEA,Germany,CHIP-WBZ-0016,1000,20.57,20570.0,Confirmed,Standard
ORD-000069,1,2025-02-26,2025-04-09,CUST-1032,Ether Technologies,OEM,JP,Japan,CHIP-dsPIC-0007,100,9.54,954.0,Cancelled,Standard
ORD-000397,1,2024-11-25,2024-12-31,CUST-1044,Echo Semiconductor,EMS,APAC,China,CHIP-WBZ-0012,10,4.73,47.3,Shipped,Expedite
ORD-000575,3,07/28/2025,2025-09-09,CUST-1002,Nordic Manufacturing,EMS,EMEA,Germany,CHIP-WBZ-0016,10000,21.05,210500.0,Confirmed,Standard
ORD-000539,3,08/23/2024,2024-08-30,CUST-1000,Apex Semiconductor,OEM,Americas,United States,CHIP-dsPIC-0003,2500,7.35,18375.0,Shipped,Expedite
ORD-000300,1,2024-02-20,2024-04-02,CUST-1017,Pacific Manufacturing,EMS,Japan,Japan,CHIP-dsPIC-0007,10000,7.79,77900.0,Shipped,Expedite
ORD-000357,3,18-Sep-2024,2024-10-14,CUST-1073,Wave Systems,CM,EMEA,Israel,CHIP-MPF-0015,1000,7.65,7650.0,Shipped,Critical
ORD-000390,1,2025-12-24,2026-01-17,CUST-9901,TEST Account 2,OEM,Americas,United States,CHIP-MCP-0009,500,15.96,7980.0,Pending,Expedite
ORD-000355,1,07/15/2024,2024-08-21,CUST-1006,Bolt Systems,OEM,EMEA,United Kingdom,CHIP-dsPIC-0005,10,9.46,94.6,Shipped,Expedite
ORD-000258,1,05-Dec-2024,2024-12-08,CUST-1000,Apex Semiconductor,OEM,Americas,United States,CHIP-dsPIC-0003,250,7.28,1820.0,Shipped,Standard
ORD-000448,2,06/04/2024,2024-06-06,CUST-1035,Kilo Solutions,CM,APAC,South Korea,CHIP-MCP-0010,25,29.89,747.25,Confirmed,Expedite
ORD-000281,2,2024-03-07,2024-03-28,CUST-1002,Nordic Manufacturing,EMS,EMEA,Germany,CHIP-PIC18-0005,5000,30.91,154550.0,Shipped,Critical
ORD-000021,1,2025-10-18,2025-12-01,CUST-1001,Pacific Components,Distributor,APAC,China,CHIP-MPF-0016,2500,16.74,41850.0,Shipped,Critical
ORD-000463,2,19-Apr-2024,2024-04-29,CUST-1002,Nordic Manufacturing,EMS,EMEA,Germany,CHIP-dsPIC-0014,500,39.14,19570.0,Confirmed,Standard
ORD-000579,2,09-Jul-2025,2025-07-29,CUST-1000,Apex Semiconductor,OEM,AMER,United States,CHIP-WBZ-0015,1000,3.9,3900.0,Confirmed,Standard
ORD-000523,1,2024-02-10,2024-02-13,CUST-1002,Nordic Manufacturing,EMS,EMEA,Germany,CHIP-WBZ-0016,250,19.43,4857.5,Shipped,Expedite
ORD-000237,1,2025-05-11,2025-06-24,CUST-1002,Nordic Manufacturing  ,EMS,EMEA,Germany,CHIP-WBZ-0016,10000,20.31,203100.0,Pending,Standard
ORD-000122,3,05/26/2024,2024-06-02,CUST-1046,Sigma Components,EMS,APAC,China,CHIP-dsPIC-0010,100,3.64,364.0,Pending,Critical
ORD-000273,1,2025-02-09,2025-03-09,CUST-1006,Bolt Systems,OEM,EMEA,United Kingdom,CHIP-MPF-0013,5000,2.37,11850.0,Confirmed,Expedite
ORD-000277,3,2024-05-12,2024-06-26,CUST-1000,Apex Semiconductor,OEM,Americas,United States,CHIP-dsPIC-0001,5000,32.63,163150.0,Confirmed,Expedite
ORD-000364,1,09/14/2025,2025-10-03,CUST-1002,Nordic Manufacturing,EMS,EMEA,Germany,CHIP-WBZ-0016,5000,18.94,94700.0,Cancelled,Expedite
ORD-000576,5,2024-05-21,2024-06-25,CUST-1000,Apex Semiconductor,OEM,Americas,United States,CHIP-dsPIC-0003,500,7.35,3675.0,Shipped,Expedite
ORD-000167,1,2025-03-07,2025-03-25,CUST-1077,Bright Manufacturing,CM,Americas,Mexico,CHIP-MPF-0012,10000,11.53,115300.0,Shipped,Expedite
ORD-000268,2,12-Mar-2025,2025-03-28,CUST-1002,Nordic Manufacturing,EMS,EMEA,Germany,CHIP-MPF-0010,500,16.67,8335.0,Shipped,Critical
ORD-000186,1,2025-05-13,2025-06-02,CUST-1071,Wave Manufacturing,CM,APAC,Taiwan,CHIP-MCP-0002,250,7.81,1952.5,Confirmed,Critical
ORD-000479,1,2024-07-14,2024-07-31,CUST-1046,Sigma Components,EMS,APAC,China,CHIP-MPF-0011,100,20.23,2023.0,Confirmed,Critical
ORD-000198,3,03-Jan-2024,2024-01-11,CUST-1002,Nordic Manufacturing,EMS,EMEA,Germany,CHIP-WBZ-0016,1000,20.16,20160.0,Confirmed,Standard
ORD-000477,1,12/08/2024,2024-12-19,CUST-1005,Crux Systems,CM,Americas,United States,CHIP-PIC18-0006,2500,10.96,27400.0,Shipped,Critical
ORD-000307,1,26-Feb-2024,2024-03-05,CUST-1023,Terra Manufacturing,EMS,Americas,United States,CHIP-PIC18-0001,10000,4.66,46600.0,Shipped,Expedite
ORD-000090,1,2024-11-02,2024-11-03,CUST-1044,Echo Semiconductor,EMS,APAC,China,CHIP-WBZ-0012,100,4.95,495.0,Pending,Expedite
ORD-000421,2,03/09/2024,2024-04-07,CUST-1048,Vex Systems,Distributor,Americas,United States,CHIP-MCP-0003,250,4.89,1222.5,Shipped,Standard
ORD-000476,2,2025-01-07,2025-01-12,CUST-1009,Bolt Components,CM,Japan,Japan,CHIP-PIC32-0002,500,5.03,2515.0,Shipped,Critical
ORD-000298,1,2025-06-24,2025-07-10,CUST-1029,Apex Dynamics,EMS,EMEA,Italy,CHIP-PIC32-0003,100,8.19,819.0,Confirmed,Critical
ORD-000504,2,04/01/2024,2024-05-05,CUST-1073,Wave Systems,CM,EMEA,Israel,CHIP-MPF-0015,100,7.76,776.0,Shipped,Critical
ORD-000144,1,2025-04-14,2025-05-11,CUST-1002,Nordic Manufacturing,EMS,EMEA,Germany,CHIP-WBZ-0016,10000,20.98,209800.0,Shipped,Expedite
ORD-000054,4,2024-01-14,2024-02-26,CUST-1005,Crux Systems,CM,Americas,United States,CHIP-MPF-0011,500,21.73,10865.0,Shipped,Standard
ORD-000550,1,2024-01-01,2024-01-23,CUST-1000,Apex Semiconductor,OEM,Americas,United States,CHIP-dsPIC-0003,2500,7.41,16046.9,Shipped,Standard
ORD-000450,2,03/28/2025,2025-05-06,CUST-1073,Wave Systems,CM,EMEA,Israel,CHIP-WBZ-0002,10,16.08,160.8,Shipped,Standard
ORD-000078,2,2025-07-17,2025-08-26,CUST-1000,Apex Semiconductor,OEM,Americas,United States,CHIP-WBZ-0013,2500,20.7,51750.0,Confirmed,Critical
ORD-000369,2,2025-03-02,2025-03-20,CUST-1034,Omega Semiconductor,EMS,Japan,Japan,CHIP-MPF-0012,10,10.72,107.2,Shipped,Expedite
ORD-000497,1,11/13/2024,2024-11-30,CUST-1018,Echo Devices,OEM,EMEA,Israel,CHIP-dsPIC-0004,1000,46.5,46500.0,Shipped,Standard
ORD-000431,3,2025-10-13,2025-11-26,CUST-1002,Nordic Manufacturing,EMS,EMEA,Germany,CHIP-MPF-0013,250,2.26,565.0,Pending,Expedite
ORD-000416,5,2024-07-10,2024-07-31,CUST-1009,Bolt Components,CM,JP,Japan,CHIP-dsPIC-0015,5000,12.92,64600.0,Pending,Standard
ORD-000071,2,2025-07-06,2025-08-06,CUST-1000,Apex Semiconductor,OEM,Americas,United States,CHIP-PIC32-0012,10000,1.77,17700.0,Confirmed,Standard
ORD-000066,1,2025-04-01,2025-05-03,CUST-1070,Zen Solutions,EMS,Americas,Mexico,CHIP-dsPIC-0012,50,7.75,387.5,Shipped,Critical
ORD-000527,1,14-Aug-2025,2025-09-18,CUST-1022,Jolt Solutions,OEM,APAC,Singapore,CHIP-MCP-0004,2500,15.97,39925.0,Shipped,Critical
ORD-000287,4,01/16/2024,2024-01-18,CUST-1000,Apex Semiconductor,OEM,Americas,United States,CHIP-PIC18-0006,500,15.8,7900.0,Shipped,Expedite
ORD-000515,1,2025-06-08,2025-07-14,CUST-1038,Rapid Semiconductor,Distributor,APAC,Taiwan,CHIP-PIC18-0002,10,1.87,18.7,Confirmed,Critical
ORD-000406,1,12/30/2025,2026-01-12,CUST-1001,Pacific Components,Distributor,APAC,China,CHIP-dsPIC-0006,5000,17.63,88150.0,Confirmed,Critical
ORD-000236,4,18-Dec-2024,2024-12-28,CUST-1004,Terra Devices,Distributor,Americas,United States,CHIP-PIC32-0007,2500,20.56,51400.0,Shipped,Standard
ORD-000198,1,03-Jan-2024,2024-01-11,CUST-1002,Nordic Manufacturing,EMS,EMEA,Germany,CHIP-WBZ-0016,5000,18.79,93950.0,Confirmed,Standard
ORD-000130,2,2024-08-19,2024-08-31,CUST-9901,TEST Account 2,OEM,Americas,United States,CHIP-PIC32-0004,25,39.13,978.25,Shipped,Standard
ORD-000539,1,08/23/2024,2024-08-30,CUST-1000,Apex Semiconductor,OEM,Americas,United States,CHIP-dsPIC-0003,2500,7.35,18375.0,Shipped,Expedite
ORD-000501,3,2025-09-13,2025-10-22,CUST-1039,Bright Electronics,CM,Japan,Japan,CHIP-MPF-0010,5000,14.92,74600.0,Confirmed,Standard
ORD-000213,2,2024-01-23,2024-02-04,CUST-1072,Atlas Systems,OEM,Americas,United States,CHIP-MPF-0009,1000,8.68,8680.0,Pending,Standard
ORD-000417,2,04/20/2025,2025-05-19,CUST-1046,Sigma Components,EMS,APAC,China,CHIP-WBZ-0009,50,11.49,574.5,Shipped,Critical
ORD-000524,4,03/09/2025,2025-04-07,CUST-1022,Jolt Solutions,OEM,APAC,Singapore,CHIP-MPF-0011,5000,23.73,118650.0,Cancelled,Expedite
ORD-000089,2,06/30/2024,2024-08-07,CUST-1022,Jolt Solutions,OEM,APAC,Singapore,CHIP-MCP-0004,250,14.66,3665.0,Confirmed,Critical
ORD-000365,2,2025-05-10,2025-06-04,CUST-1034,Omega Semiconductor,EMS,JP,Japan,CHIP-WBZ-0008,5000,36.38,181900.0,Shipped,Standard
ORD-000283,2,11/14/2025,2025-12-22,CUST-1014,Ether Devices,CM,APAC,Singapore,CHIP-PIC32-0005,2500,39.56,98900.0,Confirmed,Expedite
ORD-000052,2,2024-08-21,2024-09-05,CUST-1046,Sigma Components,EMS,APAC,China,CHIP-MPF-0011,25,20.92,523.0,Pending,Standard
ORD-000195,1,2025-01-16,2025-02-02,CUST-1048,Vex Systems,Distributor,Americas,United States,CHIP-MCP-0003,2500,4.79,11975.0,Confirmed,Expedite
ORD-000546,1,08/15/2025,2025-09-27,CUST-1043,Nova Manufacturing,OEM,Japan,Japan,CHIP-dsPIC-0001,10000,29.17,291700.0,Cancelled,Expedite
ORD-000063,1,2025-12-02,2025-12-23,CUST-9901,TEST Account 2,OEM,Americas,United States,CHIP-PIC32-0004,100,41.16,4116.0,Backordered,Standard
ORD-000244,3,2024-05-29,2024-07-11,CUST-1036,Global Solutions,CM,Americas,United States,CHIP-WBZ-0009,2500,11.95,29875.0,Pending,Critical
ORD-000472,2,2024-08-15,2024-09-13,CUST-1002,Nordic Manufacturing,EMS,EMEA,Germany,CHIP-dsPIC-0010,5000,4.03,20150.0,Shipped,Standard
ORD-000052,1,2024-08-21,2024-09-05,CUST-1046,Sigma Components,EMS,APAC,China,CHIP-MPF-0011,25,21.87,546.75,Pending,Standard
ORD-000023,3,2024-09-03,2024-10-05,CUST-1019,Halo Manufacturing,OEM,Japan,Japan,CHIP-WBZ-0005,5000,10.75,53750.0,Confirmed,Standard
ORD-000464,1,2024-02-01,2024-02-23,CUST-1008,Jade Systems,EMS,Americas,Canada,CHIP-PIC18-0001,1000,5.14,5140.0,Cancelled,Standard
ORD-000520,3,2024-02-18,2024-03-02,CUST-1034,Omega Semiconductor,EMS,Japan,Japan,CHIP-WBZ-0010,1000,25.97,27224.57,Confirmed,Critical
ORD-000077,1,09/24/2024,2024-10-29,CUST-1037,Iris Devices,CM,EMEA,Israel,CHIP-WBZ-0001,100,28.13,2813.0,Shipped,Expedite
ORD-000342,3,2025-10-10,2025-10-28,CUST-1002,Nordic Manufacturing,EMS,EMEA,Germany,CHIP-WBZ-0008,500,32.5,15017.54,Pending,Expedite
ORD-000339,2,07/22/2025,2025-07-28,CUST-1034,Omega Semiconductor,EMS,Japan,Japan,CHIP-MPF-0012,50,10.86,543.0,Cancelled,Expedite
ORD-000423,1,2025-05-03,2025-05-27,CUST-1000,Apex Semiconductor,OEM,Americas,United States,CHIP-dsPIC-0003,10000,6.93,69300.0,Shipped,Critical
ORD-000191,3,04/23/2024,2024-04-30,CUST-1063,Jolt Electronics,CM,Japan,Japan,CHIP-MPF-0007,2500,7.61,21572.93,Pending,Critical
ORD-000399,2,2025-12-13,2026-01-11,CUST-1046,Sigma Components,EMS,APAC,China,CHIP-PIC32-0002,250,5.63,1407.5,Shipped,Critical
ORD-000545,5,30-May-2025,2025-07-10,CUST-1073,Wave Systems,CM,EMEA,Israel,CHIP-PIC18-0010,50,17.55,877.5,Confirmed,Expedite
ORD-000474,4,04/26/2024,2024-05-25,CUST-1047,Jade Devices,OEM,APAC,Singapore,CHIP-dsPIC-0010,1000,4.52,4520.0,Shipped,Critical
ORD-000226,3,03/30/2025,2025-04-03,CUST-1044,Echo Semiconductor,EMS,APAC,China,CHIP-PIC18-0012,25,26.25,656.25,Confirmed,Standard
ORD-000271,5,2024-10-12,2024-10-22,CUST-1003,Sigma Electronics,OEM,Japan,Japan,CHIP-PIC32-0005,1000,52.26,52260.0,Shipped,Standard
ORD-000545,2,30-May-2025,2025-07-10,CUST-1073,Wave Systems,CM,EMEA,Israel,CHIP-MCP-0002,5000,10.45,52250.0,Confirmed,Expedite
ORD-000048,1,12/17/2024,2025-01-01,CUST-1029,Apex Dynamics,EMS,EMEA,Italy,CHIP-MCP-0002,5000,9.26,46300.0,Confirmed,Critical
ORD-000363,1,2024-05-25,2024-06-10,CUST-1048,Vex Systems,Distributor,Americas,United States,CHIP-PIC18-0008,2500,12.02,30050.0,Pending,Standard
ORD-000232,1,2025-01-25,2025-02-22,CUST-1000,Apex Semiconductor,OEM,Americas,United States,CHIP-dsPIC-0003,1000,7.07,7070.0,Cancelled,Expedite
ORD-000300,2,2024-02-20,2024-04-02,CUST-1017,Pacific Manufacturing,EMS,Japan,Japan,CHIP-dsPIC-0007,10,8.11,81.1,Shipped,Expedite
ORD-000174,1,2024-01-09,2024-02-04,CUST-1054,Ultra Components,Distributor,Americas,Brazil,CHIP-WBZ-0010,250,22.29,5572.5,Cancelled,Expedite
ORD-000516,3,2025-05-21,2025-06-30,CUST-1003,Sigma Electronics,OEM,Japan,Japan,CHIP-dsPIC-0004,500,47.13,23565.0,Confirmed,Expedite
ORD-000366,2,10/11/2024,2024-10-17,CUST-1047,Jade Devices,OEM,APAC,Singapore,CHIP-MCP-0008,500,18.95,9475.0,Pending,Critical
ORD-000512,3,2025-11-28,2025-12-19,CUST-1002,Nordic Manufacturing,EMS,EMEA,Germany,CHIP-WBZ-0016,2500,18.48,46200.0,Shipped,Expedite
ORD-000531,2,20-Oct-2025,2025-11-26,CUST-1001,Pacific Components,Distributor,APAC,China,CHIP-MPF-0007,250,6.22,1555.0,Shipped,Critical
ORD-000431,2,2025-10-13,2025-11-26,CUST-1002,Nordic Manufacturing,EMS,EMEA,Germany,CHIP-dsPIC-0005,500,8.4,4200.0,Pending,Expedite
ORD-000560,2,2024-12-12,2024-12-22,CUST-1027,Rapid Manufacturing,EMS,EMEA,United Kingdom,CHIP-PIC18-0010,2500,17.76,44400.0,Cancelled,Standard
ORD-000552,1,2025-08-09,2025-09-13,CUST-1036,Global Solutions,CM,AMER,United States,CHIP-MPF-0014,1000,4.21,4210.0,Confirmed,Critical
ORD-000176,1,2025-05-04,2025-05-13,CUST-1020,Drift Devices,OEM,EMEA,Italy,CHIP-MPF-0009,100,6.48,648.0,Shipped,Critical
ORD-000518,1,2024-12-11,2025-01-11,CUST-1072,Atlas Systems,OEM,Americas,United States,CHIP-WBZ-0002,1000,15.92,15920.0,Shipped,Expedite
ORD-000235,1,06/14/2025,2025-06-27,CUST-1015,Ether Solutions,EMS,APAC,Taiwan,CHIP-dsPIC-0009,5000,17.69,88450.0,Cancelled,Standard
ORD-000180,1,06/03/2024,2024-07-09,CUST-1020,Drift Devices,OEM,EMEA,Italy,CHIP-MPF-0009,50,6.34,317.0,Cancelled,Critical
ORD-000141,2,2024-03-31,2024-05-11,CUST-1000,Apex Semiconductor,OEM,Americas,United States,CHIP-MCP-0011,2500,30.81,77025.0,Pending,Expedite
ORD-000002,1,2024-03-17,2024-04-30,CUST-1047,Jade Devices,OEM,APAC,Singapore,CHIP-dsPIC-0010,10,4.64,46.4,Cancelled,Critical
ORD-000084,1,2024-04-12,2024-04-30,CUST-1073,Wave Systems,CM,EMEA,Israel,CHIP-MPF-0015,50,7.32,366.0,Pending,Critical
ORD-000259,2,2024-05-14,2024-05-22,CUST-1054,Ultra Components,Distributor,Americas,Brazil,CHIP-WBZ-0005,2500,6.61,16525.0,Backordered,Standard
ORD-000490,2,2025-07-19,2025-07-25,CUST-1005,Crux Systems,CM,AMER,United States,CHIP-PIC18-0006,10000,10.83,108300.0,Confirmed,Expedite
ORD-000532,1,04-Jun-2024,2024-06-12,CUST-1079,Global Technologies,CM,APAC,South Korea,CHIP-WBZ-0016,1000,26.02,26020.0,Shipped,Standard
ORD-000572,2,2025-12-15,2025-12-19,CUST-1027,Rapid Manufacturing,EMS,EMEA,United Kingdom,CHIP-MPF-0004,500,4.69,2345.0,Shipped,Critical
ORD-000422,3,2024-10-29,2024-11-02,CUST-1036,Global Solutions,CM,Americas,United States,CHIP-PIC32-0009,250,22.38,5595.0,Pending,Standard
ORD-000081,3,2025-06-12,2025-07-17,CUST-1050,Sigma Circuits,EMS,EMEA,Italy,CHIP-MPF-0009,500,6.29,3145.0,Shipped,Expedite
ORD-000530,2,08/05/2025,2025-09-03,CUST-1062,Xeno Manufacturing,OEM,Japan,Japan,CHIP-MPF-0010,100,21.28,2128.0,Shipped,Standard
ORD-000120,2,2025-09-22,2025-10-19,CUST-1002,Nordic Manufacturing,EMS,EMEA,Germany,CHIP-WBZ-0001,10000,26.7,267000.0,Shipped,Expedite
ORD-000389,2,20-Sep-2025,2025-10-27,CUST-1042,Crux Components,Distributor,APAC,India,CHIP-dsPIC-0014,100,32.01,3201.0,Backordered,Expedite
ORD-000175,2,04/27/2025,2025-05-24,CUST-1002,Nordic Manufacturing  ,EMS,EMEA,Germany,CHIP-WBZ-0016,250,18.88,4720.0,Cancelled,Expedite
ORD-000412,1,19-Mar-2025,2025-04-10,CUST-1053,Sigma Systems,CM,APAC,China,CHIP-MCP-0007,500,7.47,3735.0,Shipped,Critical
ORD-000065,1,2025-07-17,2025-08-09,CUST-1044,Echo Semiconductor,EMS,APAC,China,CHIP-WBZ-0012,5000,4.81,24050.0,Shipped,Critical
ORD-000444,1,2025-01-05,2025-01-20,CUST-1000,Apex Semiconductor,OEM,Americas,United States,CHIP-dsPIC-0003,2500,7.04,17600.0,Pending,Expedite
ORD-000125,1,2025-12-28,2026-01-27,CUST-1073,Wave Systems,CM,EMEA,Israel,CHIP-WBZ-0002,500,15.97,7985.0,Shipped,Standard
ORD-000240,2,2025-01-29,2025-02-17,CUST-1017,Pacific Manufacturing,EMS,Japan,Japan,CHIP-dsPIC-0006,50,20.68,1034.0,Confirmed,Critical
ORD-000363,3,2024-05-25,2024-06-10,CUST-1048,Vex Systems,Distributor,Americas,United States,CHIP-PIC32-0011,10000,27.05,270500.0,Pending,Standard
ORD-000579,1,09-Jul-2025,2025-07-29,CUST-1000,Apex Semiconductor,OEM,Americas,United States,CHIP-WBZ-0004,5000,16.17,80850.0,Confirmed,Standard
ORD-000303,3,05-May-2024,2024-06-02,CUST-1000,Apex Semiconductor,OEM,AMER,United States,CHIP-dsPIC-0003,1000,6.81,6810.0,Pending,Critical
ORD-000408,2,2025-10-05,2025-10-08,CUST-1072,Atlas Systems,OEM,Americas,United States,CHIP-PIC18-0002,250,3.18,795.0,Confirmed,Standard
ORD-000447,1,2025-03-13,2025-04-23,CUST-1047,Jade Devices,OEM,APAC,Singapore,CHIP-dsPIC-0010,25,4.19,104.75,Backordered,Critical
ORD-000257,1,2025-06-25,2025-07-28,CUST-1014,Ether Devices,CM,APAC,Singapore,CHIP-PIC32-0005,250,35.99,8997.5,Cancelled,Expedite
ORD-000075,2,09/30/2025,2025-11-12,CUST-1028,Drift Solutions,Distributor,EMEA,United Kingdom,CHIP-PIC32-0003,1000,7.64,7640.0,Confirmed,Standard
ORD-000175,1,04/27/2025,2025-05-24,CUST-1002,Nordic Manufacturing,EMS,EMEA,Germany,CHIP-WBZ-0016,500,19.63,9815.0,Cancelled,Expedite
ORD-000171,2,2024-01-21,2024-01-25,CUST-1002,Nordic Manufacturing,EMS,EMEA,Germany,CHIP-WBZ-0016,5000,19.71,98550.0,Cancelled,Standard
ORD-000540,4,2025-02-14,2025-02-26,CUST-1030,Halo Technologies,Distributor,Japan,Japan,CHIP-dsPIC-0005,25,7.21,180.25,Shipped,Standard
ORD-000540,1,2025-02-14,2025-02-26,CUST-1030,Halo Technologies,Distributor,Japan,Japan,CHIP-PIC18-0009,500,28.71,14355.0,Shipped,Standard
ORD-000340,3,07/04/2025,2025-08-03,CUST-1014,Ether Devices,CM,APAC,Singapore,CHIP-PIC32-0005,25,36.83,920.75,Shipped,Standard
ORD-000098,5,2025-07-18,2025-07-28,CUST-1003,Sigma Electronics,OEM,JP,Japan,CHIP-PIC32-0012,1000,1.93,1930.0,Confirmed,Expedite
ORD-000395,4,2025-06-25,2025-06-26,CUST-1039,Bright Electronics,CM,JP,Japan,CHIP-PIC32-0009,500,24.4,12200.0,Shipped,Expedite
ORD-000079,3,2024-10-19,2024-11-01,CUST-1014,Ether Devices,CM,APAC,Singapore,CHIP-WBZ-0003,500,9.85,4925.0,Shipped,Critical
ORD-000246,2,2025-08-14,2025-08-23,CUST-1025,Bright Systems,EMS,EMEA,France,CHIP-PIC18-0001,1000,5.7,5700.0,Shipped,Expedite
ORD-000045,2,12/24/2024,2025-01-16,CUST-1075,Rapid Solutions,OEM,APAC,Singapore,CHIP-dsPIC-0003,250,10.04,2510.0,Shipped,Expedite
ORD-000535,1,01-May-2024,2024-05-11,CUST-1003,Sigma Electronics,OEM,Japan,Japan,CHIP-MPF-0005,1000,3.85,3850.0,Shipped,Expedite
ORD-000196,2,09/01/2025,2025-09-16,CUST-1079,Global Technologies,CM,APAC,South Korea,CHIP-WBZ-0016,1000,23.84,23840.0,Shipped,Expedite
ORD-000108,4,2025-12-30,2026-01-01,CUST-1000,Apex Semiconductor,OEM,Americas,United States,CHIP-dsPIC-0003,2500,8.01,20025.0,Shipped,Critical
ORD-000062,1,02/03/2024,2024-02-26,CUST-1004,Terra Devices,Distributor,Americas,United States,CHIP-PIC18-0011,500,23.15,11575.0,Pending,Standard
ORD-000283,1,11/14/2025,2025-12-22,CUST-1014,Ether Devices,CM,APAC,Singapore,CHIP-PIC32-0005,10,36.02,360.2,Confirmed,Expedite
ORD-000116,1,2025-11-06,2025-11-16,CUST-1000,Apex Semiconductor,OEM,Americas,United States,CHIP-dsPIC-0003,1000,7.34,7340.0,Shipped,Standard
ORD-000381,4,2024-10-13,2024-11-24,CUST-1000,Apex Semiconductor,OEM,AMER,United States,CHIP-PIC32-0002,5000,6.75,33750.0,Pending,Expedite
ORD-000298,3,2025-06-24,2025-07-10,CUST-1029,Apex Dynamics,EMS,EMEA,Italy,CHIP-PIC32-0003,100,8.61,861.0,Confirmed,Critical
ORD-000016,2,2025-08-06,2025-08-29,CUST-1037,Iris Devices,CM,EMEA,Israel,CHIP-PIC32-0007,10,26.12,261.2,Confirmed,Critical
ORD-000580,1,2025-03-14,2025-04-19,CUST-1046,Sigma Components,EMS,APAC,China,CHIP-MPF-0011,10,23.05,230.5,Shipped,Critical
ORD-000061,2,02/11/2025,2025-03-05,CUST-1040,Delta Systems,CM,APAC,India,CHIP-MPF-0007,100,6.78,678.0,Backordered,Expedite
ORD-000317,1,2024-03-21,2024-04-04,CUST-1044,Echo Semiconductor,EMS,APAC,China,CHIP-WBZ-0012,25,5.07,126.75,Cancelled,Critical
ORD-000229,2,2025-01-26,2025-02-28,CUST-1037,Iris Devices,CM,EMEA,Israel,CHIP-dsPIC-0011,500,22.95,11475.0,Confirmed,Standard
ORD-000158,2,2025-07-01,2025-08-08,CUST-1017,Pacific Manufacturing,EMS,Japan,Japan,CHIP-PIC18-0011,10000,27.4,274000.0,Shipped,Standard
ORD-000092,1,2025-05-18,2025-05-31,CUST-1047,Jade Devices,OEM,Asia-Pacific,Singapore,CHIP-dsPIC-0010,25,4.23,105.75,Shipped,Standard
ORD-000382,2,10/12/2025,2025-11-22,CUST-1009,Bolt Components,CM,JP,Japan,CHIP-PIC32-0002,2500,5.1,12750.0,Cancelled,Standard
ORD-000036,4,2025-08-23,2025-08-30,CUST-1055,Iris Electronics,OEM,APAC,Taiwan,CHIP-PIC32-0012,100,1.85,185.0,Shipped,Expedite
ORD-000065,2,2025-07-17,2025-08-09,CUST-1044,Echo Semiconductor,EMS,APAC,China,CHIP-WBZ-0012,500,4.77,2385.0,Shipped,Critical
ORD-000086,2,2024-11-28,2025-01-11,CUST-1000,Apex Semiconductor,OEM,Americas,United States,CHIP-PIC18-0008,250,14.08,3520.0,Confirmed,Critical
ORD-000240,1,2025-01-29,2025-02-17,CUST-1017,Pacific Manufacturing,EMS,Japan,Japan,CHIP-MPF-0013,5000,1.89,9450.0,Confirmed,Critical
ORD-000074,1,10/14/2025,2025-10-16,CUST-1036,Global Solutions,CM,Americas,United States,CHIP-MPF-0014,100,4.4,440.0,Cancelled,Critical
ORD-000533,3,2024-07-21,2024-08-30,CUST-1023,Terra Manufacturing,EMS,Americas,United States,CHIP-MCP-0012,500,9.15,4575.0,Pending,Standard
ORD-000448,1,06/04/2024,2024-06-06,CUST-1035,Kilo Solutions,CM,APAC,South Korea,CHIP-WBZ-0013,100,16.12,1612.0,Confirmed,Expedite
ORD-000486,3,12/06/2025,2025-12-24,CUST-1003,Sigma Electronics,OEM,Japan,Japan,CHIP-dsPIC-0004,5000,42.43,212150.0,Confirmed,Critical
ORD-000257,2,2025-06-25,2025-07-28,CUST-1014,Ether Devices,CM,APAC,Singapore,CHIP-PIC32-0005,2500,35.67,89175.0,Cancelled,Expedite
ORD-000160,2,2024-05-29,2024-06-16,CUST-1006,Bolt Systems,OEM,EMEA,United Kingdom,CHIP-dsPIC-0005,25,10.26,256.5,Cancelled,Expedite
ORD-000500,5,01/09/2024,2024-01-10,CUST-1072,Atlas Systems,OEM,AMER,United States,CHIP-PIC18-0007,100,21.8,2180.0,Cancelled,Standard
ORD-000392,2,2025-12-24,2026-01-03,CUST-1000,Apex Semiconductor,OEM,Americas,United States,CHIP-dsPIC-0010,5000,4.77,23850.0,Shipped,Expedite
ORD-000036,1,2025-08-23,2025-08-30,CUST-1055,Iris Electronics,OEM,APAC,Taiwan,CHIP-PIC18-0006,2500,15.0,37500.0,Shipped,Expedite
ORD-000266,2,2024-08-12,2024-08-30,CUST-1002,Nordic Manufacturing,EMS,EMEA,Germany,CHIP-MCP-0011,1000,23.06,23060.0,Shipped,Standard
ORD-000216,1,2025-02-09,2025-02-23,CUST-1035,Kilo Solutions,CM,APAC,South Korea,CHIP-PIC32-0011,250,32.27,8067.5,Shipped,Expedite
ORD-000459,1,2025-06-05,2025-06-19,CUST-1000,Apex Semiconductor,OEM,Americas,United States,CHIP-PIC32-0012,2500,1.8,4500.0,Confirmed,Expedite
ORD-000177,1,2025-11-20,2025-12-22,CUST-1063,Jolt Electronics,CM,Japan,Japan,CHIP-MCP-0007,250,9.42,2355.0,Shipped,Critical
ORD-000306,3,2024-10-03,2024-11-14,CUST-1055,Iris Electronics,OEM,APAC,Taiwan,CHIP-MCP-0010,10000,37.76,393276.54,Shipped,Critical
ORD-000028,1,2025-07-13,2025-07-29,CUST-1030,Halo Technologies,Distributor,Japan,Japan,CHIP-MPF-0006,10,0.54,5.4,Shipped,Expedite
ORD-000340,5,07/04/2025,2025-08-03,CUST-1014,Ether Devices,CM,APAC,Singapore,CHIP-PIC32-0005,10,39.64,396.4,Shipped,Standard
ORD-000035,4,2025-08-29,2025-09-19,CUST-1001,Pacific Components,Distributor,APAC,China,CHIP-dsPIC-0011,250,22.46,5615.0,Pending,Critical
ORD-000138,2,07-Oct-2025,2025-11-21,CUST-1000,Apex Semiconductor,OEM,AMER,United States,CHIP-PIC18-0003,5000,32.1,160500.0,Shipped,Standard
ORD-000058,1,2025-05-24,2025-07-05,CUST-1020,Drift Devices,OEM,EMEA,Italy,CHIP-WBZ-0012,25,7.11,177.75,Shipped,Expedite
ORD-000002,3,2024-03-17,2024-04-30,CUST-1047,Jade Devices,OEM,APAC,Singapore,CHIP-PIC18-0010,5000,21.68,108400.0,Cancelled,Critical
ORD-000231,2,2024-03-21,2024-04-18,CUST-1004,Terra Devices,Distributor,Americas,United States,CHIP-MCP-0005,250,1.66,415.0,Pending,Expedite
ORD-000098,1,2025-07-18,2025-07-28,CUST-1003,Sigma Electronics,OEM,Japan,Japan,CHIP-dsPIC-0012,5000,8.13,40650.0,Confirmed,Expedite
ORD-000525,2,2025-10-04,2025-10-22,CUST-1017,Pacific Manufacturing,EMS,Japan,Japan,CHIP-WBZ-0010,25,26.28,657.0,Shipped,Expedite
ORD-000199,1,18-Jun-2025,2025-07-01,CUST-1063,Jolt Electronics,CM,Japan,Japan,CHIP-PIC18-0006,10,9.92,99.2,Pending,Critical
ORD-000486,2,12/06/2025,2025-12-24,CUST-1003,Sigma Electronics,OEM,Japan,Japan,CHIP-WBZ-0012,2500,6.98,17450.0,Confirmed,Critical
ORD-000196,4,09/01/2025,2025-09-16,CUST-1079,Global Technologies,CM,APAC,South Korea,CHIP-MCP-0010,1000,32.43,32430.0,Shipped,Expedite
ORD-000210,2,10/29/2025,2025-11-21,CUST-1000,Apex Semiconductor,OEM,Americas,United States,CHIP-MCP-0008,2500,19.23,48075.0,Shipped,Critical
ORD-000285,1,2024-06-30,2024-08-05,CUST-1052,Sigma Semiconductor,EMS,JP,Japan,CHIP-PIC18-0006,250,13.62,3405.0,Confirmed,Critical
ORD-000506,2,2024-01-31,2024-03-07,CUST-1000,Apex Semiconductor,OEM,Americas,United States,CHIP-PIC18-0002,250,3.18,795.0,Pending,Standard
ORD-000345,2,29-Mar-2024,2024-04-10,CUST-1002,Nordic Manufacturing,EMS,EMEA,Germany,CHIP-MPF-0008,10000,31.04,310400.0,Shipped,Critical
ORD-000229,1,2025-01-26,2025-02-28,CUST-1037,Iris Devices,CM,EMEA,Israel,CHIP-dsPIC-0011,100,23.47,2347.0,Confirmed,Standard
ORD-000219,3,2024-08-21,2024-09-05,CUST-1076,Omega Manufacturing,OEM,EMEA,United Kingdom,CHIP-PIC18-0010,1000,18.34,18340.0,Pending,Standard
ORD-000113,1,2025-02-07,2025-03-19,CUST-1045,Ultra Electronics,CM,Americas,Brazil,CHIP-PIC18-0005,5000,28.0,140000.0,Cancelled,Critical
ORD-000474,3,04/26/2024,2024-05-25,CUST-1047,Jade Devices,OEM,APAC,Singapore,CHIP-dsPIC-0001,50,31.02,1551.0,Shipped,Critical
ORD-000366,1,10/11/2024,2024-10-17,CUST-1047,Jade Devices,OEM,APAC,Singapore,CHIP-dsPIC-0010,5000,4.27,21350.0,Pending,Critical
ORD-000431,1,2025-10-13,2025-11-26,CUST-1002,Nordic Manufacturing,EMS,EMEA,Germany,CHIP-WBZ-0016,2500,20.15,50375.0,Pending,Expedite
ORD-000392,1,2025-12-24,2026-01-03,CUST-1000,Apex Semiconductor,OEM,Americas,United States,CHIP-dsPIC-0003,10000,6.99,69900.0,Shipped,Expedite
ORD-000015,2,07/13/2025,2025-07-27,CUST-1061,Delta Solutions,OEM,Americas,Brazil,CHIP-dsPIC-0002,100,0.88,88.0,Backordered,Standard
ORD-000314,5,2024-07-24,2024-08-15,CUST-1000,Apex Semiconductor,OEM,Americas,United States,CHIP-WBZ-0014,5000,21.97,109850.0,Cancelled,Standard
ORD-000565,2,2024-02-05,2024-02-06,CUST-1000,Apex Semiconductor,OEM,Americas,United States,CHIP-PIC18-0008,1000,14.37,14370.0,Shipped,Standard
ORD-000313,2,07-Jul-2025,2025-07-29,CUST-1063,Jolt Electronics,CM,Japan,Japan,CHIP-dsPIC-0010,1000,4.02,4020.0,Shipped,Expedite
ORD-000097,3,05/17/2024,2024-06-03,CUST-1000,Apex Semiconductor,OEM,Americas,United States,CHIP-PIC18-0009,250,40.04,10010.0,Cancelled,Expedite
ORD-000247,2,11/05/2024,2024-12-20,CUST-1000,Apex Semiconductor,OEM,Americas,United States,CHIP-dsPIC-0003,10000,7.46,76777.78,Confirmed,Standard
ORD-000360,1,2025-07-19,2025-08-21,CUST-1054,Ultra Components,Distributor,Americas,Brazil,CHIP-WBZ-0010,50,23.39,1169.5,Cancelled,Standard
ORD-000030,1,10/25/2024,2024-11-11,CUST-1051,Bright Devices,EMS,APAC,China,CHIP-WBZ-0014,2500,13.76,34400.0,Cancelled,Expedite
ORD-000247,3,11/05/2024,2024-12-20,CUST-1000,Apex Semiconductor,OEM,Americas,United States,CHIP-PIC18-0009,2500,40.24,100600.0,Confirmed,Standard
ORD-000352,1,03/25/2024,2024-04-17,CUST-1002,Nordic Manufacturing,EMS,EMEA,Germany,CHIP-WBZ-0016,500,18.95,9475.0,Confirmed,Standard
ORD-000389,1,20-Sep-2025,2025-10-27,CUST-1042,Crux Components,Distributor,APAC,India,CHIP-MPF-0010,100,16.26,1626.0,Backordered,Expedite
ORD-000131,1,2025-04-28,2025-06-08,CUST-1055,Iris Electronics,OEM,APAC,Taiwan,CHIP-WBZ-0001,10000,26.17,261700.0,Pending,Critical
ORD-000437,2,05/26/2025,2025-06-16,CUST-1000,Apex Semiconductor,OEM,Americas,United States,CHIP-MPF-0004,250,6.07,1517.5,Shipped,Expedite
ORD-000251,2,2025-04-12,2025-04-18,CUST-1039,Bright Electronics,CM,Japan,Japan,CHIP-PIC18-0012,10000,24.09,240900.0,Cancelled,Critical
ORD-000212,1,2025-01-01,2025-01-03,CUST-1014,Ether Devices,CM,APAC,Singapore,CHIP-WBZ-0003,500,8.51,4255.0,Confirmed,Standard
ORD-000085,1,2025-04-05,2025-04-27,CUST-1017,Pacific Manufacturing,EMS,Japan,Japan,CHIP-dsPIC-0007,500,7.29,3645.0,Shipped,Expedite
ORD-000138,3,07-Oct-2025,2025-11-21,CUST-1000,Apex Semiconductor,OEM,Americas,United States,CHIP-WBZ-0002,250,19.71,4927.5,Shipped,Standard
ORD-000382,3,10/12/2025,2025-11-22,CUST-1009,Bolt Components,CM,Japan,Japan,CHIP-dsPIC-0015,10,12.65,126.5,Cancelled,Standard
ORD-000179,3,2024-09-16,2024-10-19,CUST-1005,Crux Systems,CM,Americas,United States,CHIP-MCP-0001,500,20.94,10470.0,Cancelled,Expedite
ORD-000104,3,2025-02-07,2025-02-17,CUST-1000,Apex Semiconductor,OEM,Americas,United States,CHIP-MPF-0011,250,25.98,6495.0,Shipped,Standard
ORD-000076,3,11/06/2025,2025-11-15,CUST-1055,Iris Electronics,OEM,Asia-Pacific,Taiwan,CHIP-PIC18-0010,250,21.58,5395.0,Cancelled,Critical
ORD-000483,1,2025-11-05,2025-12-09,CUST-1002,Nordic Manufacturing,EMS,EMEA,Germany,CHIP-WBZ-0016,500,19.55,9775.0,Pending,Critical
ORD-000373,1,03/09/2024,2024-03-14,CUST-1000,Apex Semiconductor,OEM,Americas,United States,CHIP-dsPIC-0003,5000,7.73,38650.0,Confirmed,Critical
ORD-000470,3,2024-01-08,2024-01-19,CUST-1028,Drift Solutions,Distributor,EMEA,United Kingdom,CHIP-PIC32-0009,2500,22.39,55975.0,Backordered,Expedite
ORD-000049,1,2024-07-06,2024-08-19,CUST-1076,Omega Manufacturing,OEM,EMEA,United Kingdom,CHIP-dsPIC-0010,1000,4.86,4860.0,Cancelled,Critical
ORD-000522,1,2025-07-05,2025-08-03,CUST-1000,Apex Semiconductor,OEM,Americas,United States,CHIP-dsPIC-0003,10000,7.46,74600.0,Shipped,Standard
ORD-000271,3,2024-10-12,2024-10-22,CUST-1003,Sigma Electronics,OEM,Japan,Japan,CHIP-PIC18-0010,5000,21.97,109850.0,Shipped,Standard
ORD-000470,1,2024-01-08,2024-01-19,CUST-1028,Drift Solutions,Distributor,EMEA,United Kingdom,CHIP-MPF-0003,50,11.4,570.0,Backordered,Expedite
ORD-000569,1,2024-10-30,2024-11-24,CUST-1002,Nordic Manufacturing,EMS,EMEA,Germany,CHIP-WBZ-0016,1000,18.72,18720.0,Confirmed,Standard
ORD-000061,3,02/11/2025,2025-03-05,CUST-1040,Delta Systems,CM,APAC,India,CHIP-WBZ-0009,5000,11.91,59550.0,Backordered,Expedite
ORD-000487,1,04/16/2025,2025-04-20,CUST-1002,Nordic Manufacturing,EMS,EMEA,Germany,CHIP-WBZ-0016,1000,20.21,20210.0,Confirmed,Standard
ORD-000549,1,2024-09-21,2024-10-17,CUST-1000,Apex Semiconductor,OEM,Americas,United States,CHIP-dsPIC-0003,250,7.09,1772.5,Shipped,Critical
ORD-000176,3,2025-05-04,2025-05-13,CUST-1020,Drift Devices,OEM,EMEA,Italy,CHIP-MPF-0009,10000,6.57,65700.0,Shipped,Critical
ORD-000264,1,10/23/2024,2024-10-26,CUST-1000,Apex Semiconductor,OEM,Americas,United States,CHIP-dsPIC-0003,2500,7.74,19350.0,Backordered,Standard
ORD-000246,3,2025-08-14,2025-08-23,CUST-1025,Bright Systems,EMS,EMEA,France,CHIP-WBZ-0009,10,10.74,107.4,Shipped,Expedite
ORD-000061,4,02/11/2025,2025-03-05,CUST-1040,Delta Systems,CM,APAC,India,CHIP-PIC32-0004,5000,40.27,201350.0,Backordered,Expedite
ORD-000334,1,07/30/2024,2024-09-09,CUST-1039,Bright Electronics,CM,Japan,Japan,CHIP-MPF-0010,10,14.99,149.9,Shipped,Critical
ORD-000314,3,2024-07-24,2024-08-15,CUST-1000,Apex Semiconductor,OEM,Americas,United States,CHIP-MCP-0007,10000,9.62,96200.0,Cancelled,Standard
ORD-000419,1,03/02/2025,2025-04-03,CUST-1000,Apex Semiconductor,OEM,Americas,United States,CHIP-dsPIC-0003,10000,7.48,74800.0,Shipped,Expedite
ORD-000017,3,05/16/2025,2025-05-26,CUST-1055,Iris Electronics,OEM,APAC,Taiwan,CHIP-WBZ-0011,5000,28.45,142250.0,Confirmed,Expedite
ORD-000011,2,03/12/2025,2025-04-11,CUST-1015,Ether Solutions,EMS,APAC,Taiwan,CHIP-WBZ-0012,10000,4.61,46100.0,Shipped,Expedite
ORD-000331,1,01/04/2024,2024-02-01,CUST-1032,Ether Technologies,OEM,Japan,Japan,CHIP-PIC18-0005,1000,38.54,38540.0,Shipped,Critical
ORD-000054,2,2024-01-14,2024-02-26,CUST-1005,Crux Systems,CM,Americas,United States,CHIP-PIC18-0006,25,11.61,290.25,Shipped,Standard
ORD-000115,2,09-Apr-2025,2025-05-17,CUST-1002,Nordic Manufacturing,EMS,EMEA,Germany,CHIP-PIC18-0010,5000,18.67,93350.0,Cancelled,Standard
ORD-000511,4,2025-11-14,2025-12-19,CUST-1000,Apex Semiconductor,OEM,Americas,United States,CHIP-MPF-0014,5000,5.56,27800.0,Shipped,Expedite
ORD-000410,1,27-Mar-2025,2025-05-04,CUST-1051,Bright Devices,EMS,Asia-Pacific,China,CHIP-WBZ-0015,500,3.94,1970.0,Confirmed,Expedite
ORD-000407,1,22-Feb-2024,2024-03-06,CUST-1073,Wave Systems,CM,EMEA,Israel,CHIP-WBZ-0002,50,15.49,774.5,Shipped,Critical
ORD-000202,2,2024-03-26,2024-05-06,CUST-1000,Apex Semiconductor,OEM,Americas,United States,CHIP-WBZ-0006,500,37.27,18635.0,Confirmed,Standard
ORD-000279,2,06-May-2024,2024-06-12,CUST-1027,Rapid Manufacturing,EMS,EMEA,United Kingdom,CHIP-MPF-0004,10000,4.58,45800.0,Shipped,Expedite
ORD-000224,1,2024-05-04,2024-05-28,CUST-1075,Rapid Solutions,OEM,Asia-Pacific,Singapore,CHIP-PIC32-0007,2500,25.25,63125.0,Shipped,Standard
ORD-000471,1,2025-03-03,2025-04-02,CUST-1009,Bolt Components,CM,Japan,Japan,CHIP-dsPIC-0015,2500,13.18,32950.0,Cancelled,Critical
ORD-000547,1,04/19/2024,2024-05-19,CUST-1000,Apex Semiconductor,OEM,Americas,United States,CHIP-dsPIC-0003,10000,7.01,70100.0,Confirmed,Critical
ORD-000107,2,2024-10-17,2024-10-30,CUST-1002,Nordic Manufacturing,EMS,EMEA,Germany,CHIP-WBZ-0006,2500,30.2,75500.0,Pending,Critical
ORD-000520,4,2024-02-18,2024-03-02,CUST-1034,Omega Semiconductor,EMS,Japan,Japan,CHIP-WBZ-0005,25,7.65,191.25,Confirmed,Critical
ORD-000156,2,2024-05-02,2024-05-20,CUST-1002,Nordic Manufacturing,EMS,EMEA,Germany,CHIP-WBZ-0014,1000,16.42,16420.0,Shipped,Standard
ORD-000148,2,11/24/2024,2024-12-17,CUST-1001,Pacific Components,Distributor,APAC,China,CHIP-MCP-0003,1000,4.92,4920.0,Cancelled,Critical
ORD-000060,2,2024-02-17,2024-03-29,CUST-1003,Sigma Electronics,OEM,Japan,Japan,CHIP-PIC18-0006,5000,15.09,75450.0,Pending,Critical
ORD-000502,3,07/06/2024,2024-08-03,CUST-1062,Xeno Manufacturing,OEM,Japan,Japan,CHIP-PIC32-0006,50,10.83,541.5,Confirmed,Expedite
ORD-000076,4,11/06/2025,2025-11-15,CUST-1055,Iris Electronics,OEM,APAC,Taiwan,CHIP-ORPHAN-0009,25,13.23,330.75,Cancelled,Critical
ORD-000479,2,2024-07-14,2024-07-31,CUST-1046,Sigma Components,EMS,APAC,China,CHIP-MPF-0011,250,22.61,5652.5,Confirmed,Critical
ORD-000098,2,2025-07-18,2025-07-28,CUST-1003,Sigma Electronics,OEM,Japan,Japan,CHIP-MPF-0008,250,34.45,8612.5,Confirmed,Expedite
ORD-000287,3,01/16/2024,2024-01-18,CUST-1000,Apex Semiconductor,OEM,Americas,United States,CHIP-dsPIC-0003,250,7.2,1800.0,Shipped,Expedite
ORD-000270,2,2024-04-22,2024-05-07,CUST-1001,Pacific Components,Distributor,APAC,China,CHIP-PIC32-0008,500,4.78,2390.0,Shipped,Expedite
ORD-000316,1,2025-11-04,2025-11-12,CUST-1000,Apex Semiconductor,OEM,Americas,United States,CHIP-dsPIC-0003,10000,7.39,73900.0,Confirmed,Standard
ORD-000133,2,06/06/2024,2024-07-08,CUST-1002,Nordic Manufacturing,EMS,EMEA,Germany,CHIP-WBZ-0016,2500,18.6,46500.0,Pending,Expedite
ORD-000323,2,06/16/2025,2025-07-15,CUST-1000,Apex Semiconductor,OEM,Americas,United States,CHIP-dsPIC-0003,1000,7.01,7010.0,Shipped,Standard
ORD-000032,3,2025-02-09,2025-03-14,CUST-1002,Nordic Manufacturing,EMS,EMEA,Germany,CHIP-WBZ-0016,250,19.65,4912.5,Shipped,Expedite
ORD-000370,4,08/01/2024,2024-09-13,CUST-1001,Pacific Components,Distributor,APAC,China,CHIP-dsPIC-0008,250,0.53,132.5,Pending,Expedite
ORD-000575,2,07/28/2025,2025-09-09,CUST-1002,Nordic Manufacturing,EMS,EMEA,Germany,CHIP-WBZ-0016,2500,19.08,47700.0,Confirmed,Standard
ORD-000436,1,16-Sep-2024,2024-10-15,CUST-1013,Omega Dynamics,EMS,EMEA,Italy,CHIP-WBZ-0008,10000,31.11,311100.0,Backordered,Expedite
ORD-000088,1,2024-09-10,2024-09-29,CUST-1041,Giga Semiconductor,Distributor,APAC,Singapore,CHIP-MPF-0016,10,17.6,176.0,Shipped,Standard
ORD-000562,4,01-Oct-2025,2025-10-16,CUST-1076,Omega Manufacturing,OEM,EMEA,United Kingdom,CHIP-dsPIC-0008,100,0.73,73.0,Shipped,Standard
ORD-000473,3,2025-07-28,2025-08-19,CUST-1054,Ultra Components,Distributor,Americas,Brazil,CHIP-MPF-0005,5000,2.7,13500.0,Shipped,Critical
ORD-000290,1,06/13/2024,2024-06-25,CUST-1079,Global Technologies,CM,APAC,South Korea,CHIP-WBZ-0016,25,27.82,695.5,Shipped,Standard
ORD-000444,5,2025-01-05,2025-01-20,CUST-1000,Apex Semiconductor,OEM,Americas,United States,CHIP-dsPIC-0010,2500,4.67,11675.0,Pending,Expedite
ORD-000576,1,2024-05-21,2024-06-25,CUST-1000,Apex Semiconductor,OEM,Americas,United States,CHIP-dsPIC-0003,10000,6.84,68400.0,Shipped,Expedite
ORD-000359,3,02/17/2025,2025-03-21,CUST-1046,Sigma Components,EMS,APAC,China,CHIP-PIC32-0007,10,21.49,214.9,Pending,Expedite
ORD-000068,1,06/30/2025,2025-07-15,CUST-1034,Omega Semiconductor,EMS,Japan,Japan,CHIP-MPF-0012,50,10.89,544.5,Shipped,Expedite
ORD-000476,4,2025-01-07,2025-01-12,CUST-1009,Bolt Components,CM,Japan,Japan,CHIP-dsPIC-0015,250,13.15,3287.5,Shipped,Critical
ORD-000383,2,11/19/2025,2025-11-29,CUST-1029,Apex Dynamics,EMS,EMEA,Italy,CHIP-MPF-0005,10000,3.01,30100.0,Shipped,Standard
ORD-000562,1,01-Oct-2025,2025-10-16,CUST-1076,Omega Manufacturing,OEM,EMEA,United Kingdom,CHIP-ORPHAN-0014,25,13.11,327.75,Shipped,Standard
ORD-000380,1,09/13/2024,2024-09-25,CUST-1005,Crux Systems,CM,Americas,United States,CHIP-PIC18-0006,50,10.68,534.0,Cancelled,Expedite
ORD-000058,2,2025-05-24,2025-07-05,CUST-1020,Drift Devices,OEM,EMEA,Italy,CHIP-WBZ-0016,500,29.61,14805.0,Shipped,Expedite
ORD-000569,2,2024-10-30,2024-11-24,CUST-1002,Nordic Manufacturing,EMS,EMEA,Germany,CHIP-MCP-0005,1000,1.69,1690.0,Confirmed,Standard
ORD-000220,2,04-Dec-2024,2025-01-10,CUST-1002,Nordic Manufacturing,EMS,EMEA,Germany,CHIP-WBZ-0016,250,18.82,4705.0,Confirmed,Critical
ORD-000490,1,2025-07-19,2025-07-25,CUST-1005,Crux Systems,CM,Americas,United States,CHIP-PIC18-0006,50,10.6,530.0,Confirmed,Expedite
ORD-000196,1,09/01/2025,2025-09-16,CUST-1079,Global Technologies,CM,APAC,South Korea,CHIP-WBZ-0016,1000,25.05,25050.0,Shipped,Expedite
ORD-000188,3,2024-07-25,2024-08-13,CUST-1037,Iris Devices,CM,EMEA,Israel,CHIP-PIC32-0006,10,10.76,107.6,Confirmed,Expedite
ORD-000283,3,11/14/2025,2025-12-22,CUST-1014,Ether Devices,CM,APAC,Singapore,CHIP-MPF-0008,1000,32.72,32720.0,Confirmed,Expedite
ORD-000183,4,2024-10-16,2024-11-06,CUST-1002,Nordic Manufacturing,EMS,EMEA,Germany,CHIP-WBZ-0016,250,20.35,5087.5,Pending,Critical
ORD-000159,2,2024-06-25,2024-07-15,CUST-1048,Vex Systems,Distributor,Americas,United States,CHIP-WBZ-0014,2500,16.13,40325.0,Shipped,Standard
ORD-000070,5,11/18/2025,2025-11-23,CUST-1009,Bolt Components,CM,Japan,Japan,CHIP-dsPIC-0015,25,13.7,342.5,Shipped,Standard
ORD-000295,2,2025-11-29,2025-12-27,CUST-1003,Sigma Electronics  ,OEM,Japan,Japan,CHIP-WBZ-0010,5000,28.2,141000.0,Shipped,Expedite
ORD-000196,3,09/01/2025,2025-09-16,CUST-1079,Global Technologies,CM,APAC,South Korea,CHIP-MPF-0014,5000,4.51,22550.0,Shipped,Expedite
ORD-000091,1,09/02/2024,2024-10-06,CUST-1000,Apex Semiconductor,OEM,Americas,United States,CHIP-dsPIC-0003,10000,7.74,77400.0,Pending,Critical
ORD-000170,1,26-May-2025,2025-06-09,CUST-1072,Atlas Systems,OEM,Americas,United States,CHIP-WBZ-0002,10000,15.43,154300.0,Confirmed,Critical
ORD-000046,1,09/15/2024,2024-10-24,CUST-1002,Nordic Manufacturing,EMS,EMEA,Germany,CHIP-WBZ-0016,2500,20.74,51850.0,Pending,Expedite
ORD-000252,3,2025-02-20,2025-02-25,CUST-1002,Nordic Manufacturing,EMS,EMEA,Germany,CHIP-PIC18-0006,1000,13.32,13320.0,Shipped,Standard
ORD-000445,4,25-Apr-2025,2025-05-17,CUST-1077,Bright Manufacturing,CM,Americas,Mexico,CHIP-dsPIC-0011,100,31.23,3123.0,Shipped,Expedite
ORD-000303,1,05-May-2024,2024-06-02,CUST-1000,Apex Semiconductor,OEM,Americas,United States,CHIP-dsPIC-0003,250,7.69,1922.5,Pending,Critical
ORD-000166,1,2025-04-05,2025-04-26,CUST-1029,Apex Dynamics,EMS,EMEA,Italy,CHIP-PIC32-0003,50,7.91,395.5,Cancelled,Expedite
ORD-000282,1,16-Dec-2024,2025-01-05,CUST-1003,Sigma Electronics,OEM,Japan,Japan,CHIP-MCP-0003,10000,7.76,77600.0,Shipped,Expedite
ORD-000443,3,08/25/2024,2024-09-07,CUST-1027,Rapid Manufacturing,EMS,EMEA,United Kingdom,CHIP-MPF-0004,50,4.86,243.0,Shipped,Standard
ORD-000339,3,07/22/2025,2025-07-28,CUST-1034,Omega Semiconductor,EMS,Japan,Japan,CHIP-MCP-0007,5000,9.08,45400.0,Cancelled,Expedite
ORD-000266,1,2024-08-12,2024-08-30,CUST-1002,Nordic Manufacturing,EMS,EMEA,Germany,CHIP-WBZ-0016,10000,19.49,194900.0,Shipped,Standard
ORD-000024,2,2024-11-13,2024-12-28,CUST-1013,Omega Dynamics,EMS,EMEA,Italy,CHIP-MCP-0012,10,8.23,82.3,Shipped,Standard
ORD-000388,1,2025-07-05,2025-07-17,CUST-1000,Apex Semiconductor,OEM,Americas,United States,CHIP-dsPIC-0003,1000,6.91,6910.0,Shipped,Critical
ORD-000140,3,2024-03-05,2024-03-13,CUST-1047,Jade Devices,OEM,APAC,Singapore,CHIP-MPF-0002,50,31.37,1568.5,Shipped,Expedite
ORD-000427,1,2024-12-08,2024-12-21,CUST-1036,Global Solutions,CM,Americas,United States,CHIP-MPF-0014,10,4.39,43.9,Shipped,Expedite
ORD-000509,2,2025-12-17,2026-01-25,CUST-1002,Nordic Manufacturing,EMS,EMEA,Germany,CHIP-WBZ-0016,500,19.74,9870.0,Shipped,Expedite
ORD-000429,1,07/30/2024,2024-08-31,CUST-1002,Nordic Manufacturing,EMS,EMEA,Germany,CHIP-WBZ-0016,5000,20.57,102850.0,Cancelled,Expedite
ORD-000064,2,2025-04-04,2025-04-16,CUST-1042,Crux Components,Distributor,APAC,India,CHIP-MPF-0003,2500,13.48,33700.0,Backordered,Standard
ORD-000138,4,07-Oct-2025,2025-11-21,CUST-1000,Apex Semiconductor,OEM,Americas,United States,CHIP-dsPIC-0013,250,5.89,1472.5,Shipped,Standard
ORD-000104,2,2025-02-07,2025-02-17,CUST-1000,Apex Semiconductor,OEM,AMER,United States,CHIP-dsPIC-0003,5000,7.57,37850.0,Shipped,Standard
ORD-000447,2,2025-03-13,2025-04-23,CUST-1047,Jade Devices,OEM,APAC,Singapore,CHIP-dsPIC-0010,50,4.73,236.5,Backordered,Critical
ORD-000570,1,2024-04-17,2024-05-23,CUST-1021,Echo Systems,EMS,APAC,South Korea,CHIP-MPF-0010,500,18.11,9337.44,Shipped,Expedite
ORD-000188,4,2024-07-25,2024-08-13,CUST-1037,Iris Devices,CM,EMEA,Israel,CHIP-WBZ-0001,2500,26.55,66375.0,Confirmed,Expedite
ORD-000249,3,2025-09-05,2025-10-20,CUST-1029,Apex Dynamics,EMS,EMEA,Italy,CHIP-PIC18-0007,5000,18.81,94050.0,Shipped,Critical
ORD-000372,1,10/19/2025,2025-11-15,CUST-1051,Bright Devices,EMS,APAC,China,CHIP-WBZ-0014,5000,14.57,72850.0,Shipped,Expedite
ORD-000417,1,04/20/2025,2025-05-19,CUST-1046,Sigma Components,EMS,APAC,China,CHIP-MPF-0011,50,21.92,1096.0,Shipped,Critical
ORD-000434,1,2024-03-24,2024-04-20,CUST-1003,Sigma Electronics,OEM,Japan,Japan,CHIP-MPF-0013,250,2.43,607.5,Cancelled,Critical
ORD-000190,2,09/24/2024,2024-10-17,CUST-1006,Bolt Systems,OEM,EMEA,United Kingdom,CHIP-MPF-0010,5000,20.52,102600.0,Confirmed,Standard
ORD-000466,2,13-Nov-2025,2025-12-20,CUST-1000,Apex Semiconductor,OEM,Americas,United States,CHIP-dsPIC-0003,5000,7.38,36900.0,Shipped,Standard
ORD-000511,3,2025-11-14,2025-12-19,CUST-1000,Apex Semiconductor,OEM,Americas,United States,CHIP-PIC18-0003,10000,30.1,301000.0,Shipped,Expedite
ORD-000233,2,2025-01-28,2025-03-01,CUST-1038,Rapid Semiconductor,Distributor,APAC,Taiwan,CHIP-PIC18-0002,500,1.91,955.0,Shipped,Critical
ORD-000384,3,2024-03-26,2024-03-27,CUST-1000,Apex Semiconductor,OEM,Americas,United States,CHIP-PIC32-0001,5000,37.97,189850.0,Shipped,Expedite
ORD-000183,3,2024-10-16,2024-11-06,CUST-1002,Nordic Manufacturing,EMS,EMEA,Germany,CHIP-MPF-0001,500,17.01,8505.0,Pending,Critical
ORD-000214,1,24-Feb-2024,2024-04-05,CUST-1020,Drift Devices,OEM,EMEA,Italy,CHIP-MPF-0009,100,7.07,707.0,Pending,Standard
ORD-000435,1,2025-02-08,2025-03-14,CUST-1000,Apex Semiconductor,OEM,Americas,United States,CHIP-dsPIC-0003,10000,7.21,72100.0,Confirmed,Expedite
ORD-000179,1,2024-09-16,2024-10-19,CUST-1005,Crux Systems,CM,Americas,United States,CHIP-PIC18-0011,10,25.03,250.3,Cancelled,Expedite
ORD-000099,1,07/16/2024,2024-08-19,CUST-1000,Apex Semiconductor,OEM,Americas,United States,CHIP-dsPIC-0003,10000,7.09,70900.0,Confirmed,Critical
ORD-000555,2,2025-07-04,2025-08-09,CUST-1011,Helix Dynamics,Distributor,Americas,Mexico,CHIP-WBZ-0006,10000,25.6,256000.0,Pending,Standard
ORD-000310,2,02-Nov-2025,2025-12-09,CUST-1002,Nordic Manufacturing,EMS,EMEA,Germany,CHIP-PIC32-0003,10000,7.88,78800.0,Shipped,Critical
ORD-000370,3,08/01/2024,2024-09-13,CUST-1001,Pacific Components,Distributor,APAC,China,CHIP-MPF-0010,10000,16.11,161100.0,Pending,Expedite
ORD-000349,1,08/27/2024,2024-09-29,CUST-1041,Giga Semiconductor,Distributor,APAC,Singapore,CHIP-WBZ-0015,10000,2.73,27300.0,Shipped,Expedite
ORD-000134,1,11/01/2025,2025-12-09,CUST-1002,Nordic Manufacturing,EMS,EMEA,Germany,CHIP-WBZ-0016,5000,19.21,96050.0,Shipped,Critical
ORD-000381,2,2024-10-13,2024-11-24,CUST-1000,Apex Semiconductor,OEM,AMER,United States,CHIP-WBZ-0011,1000,26.02,26020.0,Pending,Expedite
ORD-000400,3,2025-05-24,2025-06-06,CUST-1076,Omega Manufacturing,OEM,EMEA,United Kingdom,CHIP-dsPIC-0015,10,17.61,176.1,Shipped,Standard
ORD-000567,2,2025-02-01,2025-03-12,CUST-1000,Apex Semiconductor,OEM,Americas,United States,CHIP-MPF-0015,500,14.92,7460.0,Shipped,Standard
ORD-000288,2,26-Jan-2025,2025-01-28,CUST-1055,Iris Electronics,OEM,APAC,Taiwan,CHIP-MCP-0006,10,23.56,235.6,Pending,Standard
ORD-000197,1,2025-08-08,2025-08-27,CUST-1002,Nordic Manufacturing,EMS,EMEA,Germany,CHIP-PIC32-0011,1000,30.23,30230.0,Shipped,Standard
ORD-000439,2,2025-03-31,2025-04-05,CUST-1006,Bolt Systems,OEM,EMEA,United Kingdom,CHIP-PIC18-0010,1000,15.43,15430.0,Confirmed,Expedite
ORD-000381,1,2024-10-13,2024-11-24,CUST-1000,Apex Semiconductor,OEM,Americas,United States,CHIP-dsPIC-0003,1000,7.55,7550.0,Pending,Expedite
ORD-000165,1,24-Feb-2024,2024-02-29,CUST-1006,Bolt Systems,OEM,EMEA,United Kingdom,CHIP-PIC18-0010,50,16.4,820.0,Shipped,Standard
ORD-000391,1,2025-12-19,2026-01-30,CUST-1002,Nordic Manufacturing,EMS,EMEA,Germany,CHIP-MCP-0008,2500,16.02,40050.0,Backordered,Standard
ORD-000134,2,11/01/2025,2025-12-09,CUST-1002,Nordic Manufacturing,EMS,EMEA,Germany,CHIP-WBZ-0016,5000,18.25,91250.0,Shipped,Critical
ORD-000326,3,06/04/2024,2024-06-05,CUST-1062,Xeno Manufacturing,OEM,JP,Japan,CHIP-dsPIC-0003,1000,9.88,9880.0,Confirmed,Expedite
ORD-000277,5,2024-05-12,2024-06-26,CUST-1000,Apex Semiconductor,OEM,AMER,United States,CHIP-PIC18-0008,500,16.31,8155.0,Confirmed,Expedite
ORD-000485,2,2025-03-27,2025-04-05,CUST-1004,Terra Devices,Distributor,Americas,United States,CHIP-MPF-0011,1000,20.23,20230.0,Shipped,Standard
ORD-000192,1,2025-10-06,2025-11-18,CUST-1008,Jade Systems,EMS,Americas,Canada,CHIP-PIC18-0001,1000,5.51,5510.0,Shipped,Critical
ORD-000351,2,06/30/2025,2025-07-05,CUST-1055,Iris Electronics,OEM,APAC,Taiwan,CHIP-PIC32-0002,25,6.8,170.0,Shipped,Critical
ORD-000526,2,10-Aug-2024,2024-09-16,CUST-1014,Ether Devices,CM,APAC,Singapore,CHIP-MPF-0015,500,12.75,6375.0,Confirmed,Standard
ORD-000231,1,2024-03-21,2024-04-18,CUST-1004,Terra Devices,Distributor,Americas,United States,CHIP-MPF-0015,500,10.61,5305.0,Pending,Expedite
ORD-000183,2,2024-10-16,2024-11-06,CUST-1002,Nordic Manufacturing,EMS,EMEA,Germany,CHIP-WBZ-0016,1000,20.4,20400.0,Pending,Critical
ORD-000133,4,06/06/2024,2024-07-08,CUST-1002,Nordic Manufacturing,EMS,EMEA,Germany,CHIP-MPF-0010,250,20.2,5050.0,Pending,Expedite
ORD-000347,2,2025-07-04,2025-08-10,CUST-9901,TEST Account 2,OEM,Americas,United States,CHIP-MCP-0009,2500,17.04,42600.0,Shipped,Critical
ORD-000546,2,08/15/2025,2025-09-27,CUST-1043,Nova Manufacturing,OEM,Japan,Japan,CHIP-dsPIC-0001,2500,30.06,75150.0,Cancelled,Expedite
ORD-000564,1,2024-07-08,2024-07-23,CUST-1002,Nordic Manufacturing,EMS,EMEA,Germany,CHIP-WBZ-0016,2500,18.33,45825.0,Shipped,Standard
ORD-000470,4,2024-01-08,2024-01-19,CUST-1028,Drift Solutions,Distributor,EMEA,United Kingdom,CHIP-PIC32-0003,250,7.34,1835.0,Backordered,Expedite
ORD-000248,1,02/19/2025,2025-04-05,CUST-1028,Drift Solutions,Distributor,EMEA,United Kingdom,CHIP-PIC32-0006,2500,8.89,22225.0,Shipped,Critical
ORD-000263,1,2025-07-13,2025-08-22,CUST-1009,Bolt Components,CM,Japan,Japan,CHIP-dsPIC-0015,10,12.46,124.6,Shipped,Critical
ORD-000560,1,2024-12-12,2024-12-22,CUST-1027,Rapid Manufacturing,EMS,EMEA,United Kingdom,CHIP-MPF-0004,2500,4.59,11475.0,Cancelled,Standard
ORD-000399,1,2025-12-13,2026-01-11,CUST-1046,Sigma Components,EMS,APAC,China,CHIP-MPF-0011,50,22.32,1116.0,Shipped,Critical
ORD-000342,1,2025-10-10,2025-10-28,CUST-1002,Nordic Manufacturing,EMS,EMEA,Germany,CHIP-WBZ-0016,10000,19.13,191300.0,Pending,Expedite
ORD-000041,4,02/08/2025,2025-02-11,CUST-1000,Apex Semiconductor,OEM,Americas,United States,CHIP-MPF-0009,5000,8.48,42400.0,Confirmed,Critical
ORD-000041,3,02/08/2025,2025-02-11,CUST-1000,Apex Semiconductor,OEM,Americas,United States,CHIP-WBZ-0011,250,26.86,6715.0,Confirmed,Critical
ORD-000122,1,05/26/2024,2024-06-02,CUST-1046,Sigma Components,EMS,APAC,China,CHIP-PIC18-0005,2500,30.97,77425.0,Pending,Critical
ORD-000336,2,02-Nov-2025,2025-11-28,CUST-1002,Nordic Manufacturing,EMS,EMEA,Germany,CHIP-dsPIC-0012,10000,6.92,69200.0,Shipped,Critical
ORD-000383,5,11/19/2025,2025-11-29,CUST-1029,Apex Dynamics,EMS,EMEA,Italy,CHIP-PIC18-0006,1000,10.93,10930.0,Shipped,Standard
ORD-000022,1,2025-08-26,2025-09-20,CUST-1051,Bright Devices,EMS,APAC,China,CHIP-WBZ-0014,25,14.48,362.0,Shipped,Expedite
ORD-000385,2,2024-01-25,2024-03-06,CUST-1001,Pacific Components,Distributor,APAC,China,CHIP-MCP-0001,2500,17.79,44475.0,Cancelled,Standard
ORD-000474,2,04/26/2024,2024-05-25,CUST-1047,Jade Devices,OEM,APAC,Singapore,CHIP-dsPIC-0010,5000,4.69,23450.0,Shipped,Critical
ORD-000577,4,2024-01-01,2024-01-07,CUST-1073,Wave Systems,CM,EMEA,Israel,CHIP-MCP-0002,10000,10.51,105100.0,Confirmed,Standard
ORD-000124,1,09/23/2025,2025-10-16,CUST-1062,Xeno Manufacturing,OEM,Japan,Japan,CHIP-MCP-0003,25,7.84,196.0,Shipped,Standard
ORD-000545,4,30-May-2025,2025-07-10,CUST-1073,Wave Systems,CM,EMEA,Israel,CHIP-MPF-0011,50,22.29,1114.5,Confirmed,Expedite
ORD-000120,3,2025-09-22,2025-10-19,CUST-1002,Nordic Manufacturing,EMS,EMEA,Germany,CHIP-MCP-0005,2500,1.9,4750.0,Shipped,Expedite
ORD-000264,2,10/23/2024,2024-10-26,CUST-1000,Apex Semiconductor,OEM,Americas,United States,CHIP-WBZ-0002,5000,19.0,95000.0,Backordered,Standard
ORD-000181,1,2024-12-31,2025-02-05,CUST-1061,Delta Solutions,OEM,Americas,Brazil,CHIP-PIC18-0001,25,5.99,149.75,Shipped,Expedite
ORD-000034,2,06-May-2025,2025-06-10,CUST-1050,Sigma Circuits,EMS,EMEA,Italy,CHIP-MPF-0002,5000,26.42,132100.0,Pending,Expedite
ORD-000323,1,06/16/2025,2025-07-15,CUST-1000,Apex Semiconductor,OEM,Americas,United States,CHIP-dsPIC-0003,1000,7.29,7290.0,Shipped,Standard
ORD-000182,1,2024-01-05,2024-02-08,CUST-1037,Iris Devices,CM,EMEA,Israel,CHIP-WBZ-0001,25,26.91,672.75,Pending,Standard
ORD-000497,3,11/13/2024,2024-11-30,CUST-1018,Echo Devices,OEM,EMEA,Israel,CHIP-PIC18-0010,2500,20.51,51275.0,Shipped,Standard
ORD-000466,1,13-Nov-2025,2025-12-20,CUST-1000,Apex Semiconductor,OEM,Americas,United States,CHIP-dsPIC-0003,5000,6.65,38869.93,Shipped,Standard
ORD-000138,5,07-Oct-2025,2025-11-21,CUST-1000,Apex Semiconductor,OEM,Americas,United States,CHIP-MCP-0004,250,18.2,4550.0,Shipped,Standard
ORD-000505,3,2025-09-29,2025-11-13,CUST-1063,Jolt Electronics,CM,Japan,Japan,CHIP-PIC18-0011,10,28.28,282.8,Shipped,Critical
ORD-000435,3,2025-02-08,2025-03-14,CUST-1000,Apex Semiconductor,OEM,AMER,United States,CHIP-dsPIC-0003,5000,7.76,38800.0,Confirmed,Expedite
ORD-000415,1,03/13/2024,2024-03-23,CUST-1000,Apex Semiconductor,OEM,Americas,United States,CHIP-dsPIC-0003,5000,7.14,35700.0,Confirmed,Expedite
ORD-000383,1,11/19/2025,2025-11-29,CUST-1029,Apex Dynamics,EMS,EMEA,Italy,CHIP-PIC32-0003,25,8.24,206.0,Shipped,Standard
ORD-000168,1,2025-09-21,2025-10-11,CUST-1015,Ether Solutions,EMS,APAC,Taiwan,CHIP-WBZ-0012,5000,4.37,21850.0,Shipped,Expedite
ORD-000277,1,2024-05-12,2024-06-26,CUST-1000,Apex Semiconductor,OEM,Americas,United States,CHIP-dsPIC-0003,5000,7.3,36500.0,Confirmed,Expedite
ORD-000099,2,07/16/2024,2024-08-19,CUST-1000,Apex Semiconductor,OEM,Americas,United States,CHIP-dsPIC-0003,5000,7.11,35550.0,Confirmed,Critical
ORD-000111,1,12/04/2025,2025-12-06,CUST-1002,Nordic Manufacturing,EMS,EMEA,Germany,CHIP-WBZ-0016,10000,18.9,189000.0,Shipped,Critical
ORD-000507,1,2025-09-06,2025-10-02,CUST-1062,Xeno Manufacturing,OEM,Japan,Japan,CHIP-PIC32-0006,5000,10.54,52700.0,Cancelled,Expedite
ORD-000188,2,2024-07-25,2024-08-13,CUST-1037,Iris Devices,CM,EMEA,Israel,CHIP-WBZ-0001,1000,27.74,27740.0,Confirmed,Expedite
ORD-000332,2,2024-10-26,2024-12-08,CUST-1034,Omega Semiconductor,EMS,Japan,Japan,CHIP-dsPIC-0011,100,29.0,2900.0,Shipped,Critical
ORD-000457,1,2025-05-13,2025-06-08,CUST-1000,Apex Semiconductor,OEM,Americas,United States,CHIP-dsPIC-0003,2500,7.48,18700.0,Shipped,Expedite
ORD-000297,1,2025-12-05,2026-01-14,CUST-1002,Nordic Manufacturing,EMS,EMEA,Germany,CHIP-MCP-0012,5000,8.07,40350.0,Pending,Expedite
ORD-000319,3,2024-08-09,2024-08-11,CUST-1053,Sigma Systems,CM,APAC,China,CHIP-MCP-0001,25,22.29,557.25,Shipped,Critical
ORD-000458,1,2024-03-20,2024-04-28,CUST-1027,Rapid Manufacturing,EMS,EMEA,United Kingdom,CHIP-PIC18-0012,25,25.2,630.0,Shipped,Critical
ORD-000519,2,27-Jul-2025,2025-08-22,CUST-1062,Xeno Manufacturing,OEM,Japan,Japan,CHIP-PIC32-0006,250,10.9,2725.0,Shipped,Standard
ORD-000476,5,2025-01-07,2025-01-12,CUST-1009,Bolt Components,CM,Japan,Japan,CHIP-MPF-0014,10,4.17,41.7,Shipped,Critical
ORD-000531,1,20-Oct-2025,2025-11-26,CUST-1001,Pacific Components,Distributor,APAC,China,CHIP-MCP-0009,250,13.36,3340.0,Shipped,Critical
ORD-000350,2,10-Nov-2025,2025-12-02,CUST-1051,Bright Devices,EMS,APAC,China,CHIP-WBZ-0014,1000,13.82,13820.0,Pending,Standard
ORD-000121,2,04/29/2024,2024-05-19,CUST-1072,Atlas Systems,OEM,Americas,United States,CHIP-WBZ-0002,100,16.26,1614.72,Pending,Expedite
ORD-000312,2,2025-10-14,2025-11-20,CUST-9901,TEST Account 2,OEM,Americas,United States,CHIP-dsPIC-0012,100,7.36,816.78,Confirmed,Standard
ORD-000485,1,2025-03-27,2025-04-05,CUST-1004,Terra Devices,Distributor,Americas,United States,CHIP-dsPIC-0007,250,7.83,1957.5,Shipped,Standard
ORD-000200,1,2024-01-24,2024-02-15,CUST-1002,Nordic Manufacturing,EMS,EMEA,Germany,CHIP-WBZ-0016,1000,19.2,19200.0,Shipped,Expedite
ORD-000304,1,02/02/2024,2024-03-04,CUST-1055,Iris Electronics,OEM,APAC,Taiwan,CHIP-WBZ-0001,1000,27.18,27180.0,Cancelled,Standard
ORD-000548,1,2025-08-16,2025-09-01,CUST-1039,Bright Electronics,CM,Japan,Japan,CHIP-MPF-0010,5000,16.53,82650.0,Pending,Expedite
ORD-000051,3,2025-03-15,2025-04-15,CUST-1006,Bolt Systems,OEM,EMEA,United Kingdom,CHIP-PIC32-0006,500,13.54,6770.0,Shipped,Standard
ORD-000302,5,2024-05-30,2024-06-06,CUST-1026,Global Electronics,CM,Americas,Mexico,CHIP-WBZ-0007,5000,3.97,19850.0,Shipped,Critical
ORD-000335,1,22-Jul-2024,2024-08-02,CUST-1017,Pacific Manufacturing,EMS,Japan,Japan,CHIP-dsPIC-0007,500,7.52,3760.0,Pending,Expedite
ORD-000294,3,23-Aug-2025,2025-09-19,CUST-1062,Xeno Manufacturing,OEM,Japan,Japan,CHIP-WBZ-0013,250,20.68,5170.0,Shipped,Critical
ORD-000245,1,2025-02-04,2025-03-02,CUST-1034,Omega Semiconductor,EMS,Japan,Japan,CHIP-MPF-0012,5000,10.16,50800.0,Shipped,Critical
ORD-000353,1,2024-09-30,2024-10-12,CUST-1006,Bolt Systems,OEM,EMEA,United Kingdom,CHIP-dsPIC-0005,10000,9.54,95400.0,Shipped,Expedite
ORD-000264,4,10/23/2024,2024-10-26,CUST-1000,Apex Semiconductor,OEM,Americas,United States,CHIP-dsPIC-0003,5000,6.77,33850.0,Backordered,Standard
ORD-000023,4,2024-09-03,2024-10-05,CUST-1019,Halo Manufacturing,OEM,Japan,Japan,CHIP-PIC18-0010,250,20.44,5110.0,Confirmed,Standard
ORD-000311,1,2024-04-08,2024-05-21,CUST-1002,Nordic Manufacturing,EMS,EMEA,Germany,CHIP-WBZ-0016,250,19.4,4850.0,Shipped,Critical
ORD-000253,3,2024-07-06,2024-08-04,CUST-1028,Drift Solutions,Distributor,EMEA,United Kingdom,CHIP-PIC32-0002,10,4.92,49.2,Backordered,Expedite
ORD-000402,1,02/23/2025,2025-03-29,CUST-1000,Apex Semiconductor  ,OEM,AMER,United States,CHIP-dsPIC-0011,1000,33.73,33730.0,Confirmed,Critical
ORD-000254,2,2025-02-19,2025-02-20,CUST-1020,Drift Devices,OEM,EMEA,Italy,CHIP-MPF-0001,10,23.49,234.9,Confirmed,Critical
ORD-000524,2,03/09/2025,2025-04-07,CUST-1022,Jolt Solutions,OEM,APAC,Singapore,CHIP-MCP-0004,5000,15.97,79850.0,Cancelled,Expedite
ORD-000506,4,2024-01-31,2024-03-07,CUST-1000,Apex Semiconductor,OEM,Americas,United States,CHIP-dsPIC-0003,5000,7.4,37000.0,Pending,Standard
ORD-000580,2,2025-03-14,2025-04-19,CUST-1046,Sigma Components,EMS,APAC,China,CHIP-PIC18-0002,100,2.51,251.0,Shipped,Critical
ORD-000326,1,06/04/2024,2024-06-05,CUST-1062,Xeno Manufacturing,OEM,Japan,Japan,CHIP-PIC32-0006,2500,11.22,28050.0,Confirmed,Expedite
ORD-000133,3,06/06/2024,2024-07-08,CUST-1002,Nordic Manufacturing,EMS,EMEA,Germany,CHIP-MPF-0002,1000,25.95,30384.57,Pending,Expedite
ORD-000158,3,2025-07-01,2025-08-08,CUST-1017,Pacific Manufacturing,EMS,Japan,Japan,CHIP-dsPIC-0007,25,8.35,208.75,Shipped,Standard
ORD-000003,1,2025-11-07,2025-12-02,CUST-1072,Atlas Systems,OEM,Americas,United States,CHIP-WBZ-0002,25,15.45,386.25,Shipped,Critical
ORD-000509,1,2025-12-17,2026-01-25,CUST-1002,Nordic Manufacturing,EMS,EMEA,Germany,CHIP-WBZ-0016,250,19.59,4897.5,Shipped,Expedite
ORD-000318,2,10/03/2024,2024-10-21,CUST-1000,Apex Semiconductor,OEM,Americas,United States,CHIP-MCP-0003,250,6.92,1730.0,Confirmed,Expedite
ORD-000170,3,26-May-2025,2025-06-09,CUST-1072,Atlas Systems,OEM,AMER,United States,CHIP-dsPIC-0007,10000,9.34,93400.0,Confirmed,Critical
ORD-000356,1,2024-07-04,2024-08-17,CUST-1036,Global Solutions,CM,Americas,United States,CHIP-MPF-0014,50,4.12,206.0,Shipped,Standard
ORD-000394,1,2025-01-25,2025-03-11,CUST-1057,Halo Semiconductor,Distributor,APAC,Taiwan,CHIP-WBZ-0009,1000,10.95,10950.0,Shipped,Expedite
ORD-000068,2,06/30/2025,2025-07-15,CUST-1034,Omega Semiconductor,EMS,Japan,Japan,CHIP-MPF-0012,25,10.36,259.0,Shipped,Expedite
ORD-000322,5,2024-02-15,2024-03-25,CUST-1076,Omega Manufacturing,OEM,EMEA,United Kingdom,CHIP-MCP-0011,10000,29.23,292300.0,Shipped,Standard
ORD-000201,3,2024-03-01,2024-04-10,CUST-1073,Wave Systems,CM,EMEA,Israel,CHIP-MPF-0015,1000,8.11,8285.42,Backordered,Standard
ORD-000562,5,01-Oct-2025,2025-10-16,CUST-1076,Omega Manufacturing,OEM,EMEA,United Kingdom,CHIP-WBZ-0013,10000,20.35,203500.0,Shipped,Standard
ORD-000108,3,2025-12-30,2026-01-01,CUST-1000,Apex Semiconductor,OEM,Americas,United States,CHIP-dsPIC-0003,10000,7.17,71700.0,Shipped,Critical
ORD-000503,1,09/18/2024,2024-10-26,CUST-1028,Drift Solutions,Distributor,EMEA,United Kingdom,CHIP-PIC32-0002,10000,4.78,47800.0,Pending,Expedite
ORD-000072,1,2025-04-10,2025-04-13,CUST-9901,TEST Account 2,OEM,Americas,United States,CHIP-PIC32-0004,250,39.71,9927.5,Shipped,Critical
ORD-000146,1,03/26/2024,2024-05-01,CUST-1000,Apex Semiconductor,OEM,Americas,United States,CHIP-dsPIC-0003,1000,7.25,7250.0,Pending,Critical
ORD-000046,2,09/15/2024,2024-10-24,CUST-1002,Nordic Manufacturing,EMS,EMEA,Germany,CHIP-WBZ-0003,250,9.29,2322.5,Pending,Expedite
ORD-000060,3,2024-02-17,2024-03-29,CUST-1003,Sigma Electronics,OEM,Japan,Japan,CHIP-MCP-0004,250,20.01,5002.5,Pending,Critical
ORD-000395,5,2025-06-25,2025-06-26,CUST-1039,Bright Electronics,CM,Japan,Japan,CHIP-WBZ-0004,2500,14.85,37125.0,Shipped,Expedite
ORD-000421,1,03/09/2024,2024-04-07,CUST-1048,Vex Systems,Distributor,Americas,United States,CHIP-MCP-0003,500,4.65,2325.0,Shipped,Standard
ORD-000213,1,2024-01-23,2024-02-04,CUST-1072,Atlas Systems,OEM,Americas,United States,CHIP-WBZ-0002,25,15.26,381.5,Pending,Standard
ORD-000522,2,2025-07-05,2025-08-03,CUST-1000,Apex Semiconductor,OEM,Americas,United States,CHIP-PIC32-0012,1000,1.71,1710.0,Shipped,Standard
ORD-000190,1,09/24/2024,2024-10-17,CUST-1006,Bolt Systems,OEM,EMEA,United Kingdom,CHIP-dsPIC-0005,25,9.09,227.25,Confirmed,Standard
ORD-000081,2,2025-06-12,2025-07-17,CUST-1050,Sigma Circuits,EMS,EMEA,Italy,CHIP-MPF-0008,2500,31.25,78125.0,Shipped,Expedite
ORD-000400,1,2025-05-24,2025-06-06,CUST-1076,Omega Manufacturing,OEM,EMEA,United Kingdom,CHIP-dsPIC-0013,10,6.8,68.0,Shipped,Standard
ORD-000065,3,2025-07-17,2025-08-09,CUST-1044,Echo Semiconductor,EMS,APAC,China,CHIP-WBZ-0008,25,33.78,844.5,Shipped,Critical
ORD-000096,1,2025-12-08,2026-01-08,CUST-1002,Nordic Manufacturing,EMS,EMEA,Germany,CHIP-WBZ-0016,2500,18.55,46375.0,Confirmed,Standard
ORD-000224,2,2024-05-04,2024-05-28,CUST-1075,Rapid Solutions,OEM,Asia-Pacific,Singapore,CHIP-dsPIC-0006,1000,21.25,21250.0,Shipped,Standard
ORD-000081,1,2025-06-12,2025-07-17,CUST-1050,Sigma Circuits,EMS,EMEA,Italy,CHIP-WBZ-0004,25,13.29,332.25,Shipped,Expedite
ORD-000185,2,2024-03-26,2024-04-22,CUST-1010,Atlas Semiconductor,EMS,EMEA,Italy,CHIP-MPF-0001,250,18.9,4725.0,Cancelled,Expedite
ORD-000445,3,25-Apr-2025,2025-05-17,CUST-1077,Bright Manufacturing,CM,Americas,Mexico,CHIP-MPF-0008,10000,31.89,318900.0,Shipped,Expedite
ORD-000558,3,11/14/2024,2024-12-10,CUST-1022,Jolt Solutions,OEM,APAC,Singapore,CHIP-MCP-0005,2500,2.22,5550.0,Shipped,Expedite
ORD-000149,1,2025-02-04,2025-02-16,CUST-1055,Iris Electronics,OEM,Asia-Pacific,Taiwan,CHIP-PIC32-0009,2500,22.94,57350.0,Shipped,Standard
ORD-000559,4,04/01/2025,2025-04-10,CUST-9901,TEST Account 2,OEM,AMER,United States,CHIP-PIC32-0004,250,39.83,9957.5,Backordered,Expedite
ORD-000170,4,26-May-2025,2025-06-09,CUST-1072,Atlas Systems,OEM,Americas,United States,CHIP-WBZ-0002,1000,15.32,15320.0,Confirmed,Critical
ORD-000205,1,2024-12-27,2025-01-21,CUST-1000,Apex Semiconductor,OEM,Americas,United States,CHIP-dsPIC-0003,250,7.6,1900.0,Pending,Expedite
ORD-000475,1,2025-10-19,2025-11-12,CUST-9901,TEST Account 2,OEM,Americas,United States,CHIP-PIC32-0004,10,42.3,423.0,Shipped,Standard
ORD-000115,1,09-Apr-2025,2025-05-17,CUST-1002,Nordic Manufacturing,EMS,EMEA,Germany,CHIP-WBZ-0016,10000,19.92,199200.0,Cancelled,Standard
ORD-000346,1,07/23/2024,2024-08-04,CUST-1002,Nordic Manufacturing,EMS,EMEA,Germany,CHIP-WBZ-0016,1000,19.07,19070.0,Backordered,Expedite
ORD-000534,1,12/24/2024,2025-01-18,CUST-1014,Ether Devices,CM,APAC,Singapore,CHIP-PIC32-0005,100,37.88,3788.0,Pending,Standard
ORD-000370,1,08/01/2024,2024-09-13,CUST-1001,Pacific Components,Distributor,APAC,China,CHIP-MPF-0015,2500,10.17,25425.0,Pending,Expedite
ORD-000298,4,2025-06-24,2025-07-10,CUST-1029,Apex Dynamics,EMS,EMEA,Italy,CHIP-PIC32-0003,25,8.21,205.25,Confirmed,Critical
ORD-000150,1,18-Oct-2024,2024-11-17,CUST-1076,Omega Manufacturing,OEM,EMEA,United Kingdom,CHIP-dsPIC-0008,50,0.81,40.5,Backordered,Critical
ORD-000333,2,2025-05-15,2025-06-23,CUST-1066,Iris Technologies,OEM,EMEA,France,CHIP-WBZ-0002,250,21.36,5340.0,Shipped,Standard
ORD-000098,3,2025-07-18,2025-07-28,CUST-1003,Sigma Electronics,OEM,Japan,Japan,CHIP-MCP-0008,1000,18.35,21440.4,Confirmed,Expedite
ORD-000193,1,12-Mar-2024,2024-03-18,CUST-1028,Drift Solutions,Distributor,EMEA,United Kingdom,CHIP-PIC32-0002,1000,4.98,4980.0,Shipped,Expedite
ORD-000210,3,10/29/2025,2025-11-21,CUST-1000,Apex Semiconductor,OEM,Americas,United States,CHIP-dsPIC-0003,5000,7.72,38600.0,Shipped,Critical
ORD-000217,2,2025-04-23,2025-05-21,CUST-1006,Bolt Systems,OEM,EMEA,United Kingdom,CHIP-MCP-0001,100,21.15,2115.0,Shipped,Expedite
ORD-000023,1,2024-09-03,2024-10-05,CUST-1019,Halo Manufacturing,OEM,Japan,Japan,CHIP-PIC32-0001,500,34.41,17205.0,Confirmed,Standard
ORD-000363,3,2024-05-25,2024-06-10,CUST-1048,Vex Systems,Distributor,Americas,United States,CHIP-PIC32-0011,10000,27.05,270500.0,Pending,Standard
ORD-000148,1,11/24/2024,2024-12-17,CUST-1001,Pacific Components,Distributor,APAC,China,CHIP-WBZ-0011,1000,19.0,19000.0,Cancelled,Critical
ORD-000500,3,01/09/2024,2024-01-10,CUST-1072,Atlas Systems,OEM,Americas,United States,CHIP-PIC32-0004,10,53.31,533.1,Cancelled,Standard
ORD-000376,2,2024-08-01,2024-08-26,CUST-1006,Bolt Systems,OEM,EMEA,United Kingdom,CHIP-dsPIC-0002,2500,0.93,2325.0,Shipped,Expedite
ORD-000525,1,2025-10-04,2025-10-22,CUST-1017,Pacific Manufacturing,EMS,Japan,Japan,CHIP-dsPIC-0007,500,7.33,3665.0,Shipped,Expedite
ORD-000374,1,2025-10-28,2025-11-19,CUST-1038,Rapid Semiconductor,Distributor,APAC,Taiwan,CHIP-PIC18-0002,10,1.8,18.0,Shipped,Critical
ORD-000141,1,2024-03-31,2024-05-11,CUST-1000,Apex Semiconductor,OEM,AMER,United States,CHIP-ORPHAN-0004,500,3.38,1690.0,Pending,Expedite
ORD-000287,1,01/16/2024,2024-01-18,CUST-1000,Apex Semiconductor,OEM,Americas,United States,CHIP-dsPIC-0003,1000,7.09,7090.0,Shipped,Expedite
ORD-000563,4,2025-08-15,2025-09-29,CUST-1000,Apex Semiconductor,OEM,AMER,United States,CHIP-WBZ-0015,500,4.56,2280.0,Shipped,Expedite
ORD-000035,2,2025-08-29,2025-09-19,CUST-1001,Pacific Components,Distributor,APAC,China,CHIP-dsPIC-0010,500,3.21,1605.0,Pending,Critical
ORD-000455,1,2024-06-14,2024-07-25,CUST-1028,Drift Solutions,Distributor,EMEA,United Kingdom,CHIP-PIC32-0002,250,4.94,1235.0,Confirmed,Standard
ORD-000540,5,2025-02-14,2025-02-26,CUST-1030,Halo Technologies,Distributor,Japan,Japan,CHIP-dsPIC-0008,250,0.59,147.5,Shipped,Standard
ORD-000460,2,02/07/2024,2024-03-21,CUST-1070,Zen Solutions,EMS,AMER,Mexico,CHIP-MPF-0007,25,6.76,169.0,Pending,Critical
ORD-000382,4,10/12/2025,2025-11-22,CUST-1009,Bolt Components,CM,Japan,Japan,CHIP-PIC32-0002,50,5.29,264.5,Cancelled,Standard
ORD-000253,2,2024-07-06,2024-08-04,CUST-1028,Drift Solutions,Distributor,EMEA,United Kingdom,CHIP-PIC32-0002,25,4.65,116.25,Backordered,Expedite
ORD-000281,3,2024-03-07,2024-03-28,CUST-1002,Nordic Manufacturing,EMS,EMEA,Germany,CHIP-PIC18-0002,250,2.81,702.5,Shipped,Critical
ORD-000044,1,02/03/2024,2024-03-04,CUST-1063,Jolt Electronics,CM,Japan,Japan,CHIP-PIC18-0006,5000,10.75,53750.0,Shipped,Expedite
ORD-000075,1,09/30/2025,2025-11-12,CUST-1028,Drift Solutions,Distributor,EMEA,United Kingdom,CHIP-WBZ-0016,10000,22.53,225300.0,Confirmed,Standard
ORD-000446,1,2025-10-25,2025-11-26,CUST-1015,Ether Solutions,EMS,APAC,Taiwan,CHIP-WBZ-0012,5000,4.41,22050.0,Shipped,Expedite
ORD-000493,2,2024-02-20,2024-02-21,CUST-1054,Ultra Components,Distributor,Americas,Brazil,CHIP-PIC18-0012,100,23.85,2385.0,Confirmed,Standard
ORD-000340,1,07/04/2025,2025-08-03,CUST-1014,Ether Devices,CM,Asia-Pacific,Singapore,CHIP-PIC32-0005,500,38.85,19425.0,Shipped,Standard
ORD-000120,1,2025-09-22,2025-10-19,CUST-1002,Nordic Manufacturing,EMS,EMEA,Germany,CHIP-WBZ-0016,250,19.87,4967.5,Shipped,Expedite
ORD-000188,5,2024-07-25,2024-08-13,CUST-1037,Iris Devices,CM,EMEA,Israel,CHIP-WBZ-0001,10000,28.8,288000.0,Confirmed,Expedite
ORD-000024,1,2024-11-13,2024-12-28,CUST-1013,Omega Dynamics,EMS,EMEA,Italy,CHIP-PIC18-0006,25,12.55,313.75,Shipped,Standard
ORD-000425,3,10/19/2025,2025-11-14,CUST-1053,Sigma Systems,CM,APAC,China,CHIP-WBZ-0016,10,20.23,219.68,Confirmed,Critical
ORD-000501,1,2025-09-13,2025-10-22,CUST-1039,Bright Electronics,CM,Japan,Japan,CHIP-MPF-0010,1000,14.5,14500.0,Confirmed,Standard
ORD-000363,2,2024-05-25,2024-06-10,CUST-1048,Vex Systems,Distributor,Americas,United States,CHIP-WBZ-0007,250,3.61,902.5,Pending,Standard
ORD-000566,1,11/02/2024,2024-11-08,CUST-1000,Apex Semiconductor,OEM,Americas,United States,CHIP-dsPIC-0003,1000,6.86,6860.0,Pending,Critical
ORD-000227,1,2024-11-27,2024-12-09,CUST-1002,Nordic Manufacturing,EMS,EMEA,Germany,CHIP-WBZ-0016,500,18.85,9425.0,Shipped,Critical
ORD-000193,3,12-Mar-2024,2024-03-18,CUST-1028,Drift Solutions,Distributor,EMEA,United Kingdom,CHIP-PIC32-0002,5000,4.68,23400.0,Shipped,Expedite
ORD-000435,2,2025-02-08,2025-03-14,CUST-1000,Apex Semiconductor,OEM,Americas,United States,CHIP-dsPIC-0003,5000,7.55,37750.0,Confirmed,Expedite
ORD-000469,1,2025-12-27,2026-01-10,CUST-1043,Nova Manufacturing,OEM,Japan,Japan,CHIP-MPF-0008,500,32.59,16295.0,Cancelled,Critical
ORD-000205,2,2024-12-27,2025-01-21,CUST-1000,Apex Semiconductor,OEM,Americas,United States,CHIP-MCP-0002,500,11.35,5675.0,Pending,Expedite
ORD-000398,3,06/20/2025,2025-07-02,CUST-1006,Bolt Systems,OEM,EMEA,United Kingdom,CHIP-MPF-0003,50,20.83,1041.5,Confirmed,Critical
ORD-000469,2,2025-12-27,2026-01-10,CUST-1043,Nova Manufacturing,OEM,Japan,Japan,CHIP-PIC32-0002,500,7.05,3525.0,Cancelled,Critical
ORD-000183,1,2024-10-16,2024-11-06,CUST-1002,Nordic Manufacturing,EMS,EMEA,Germany,CHIP-WBZ-0016,250,18.37,4592.5,Pending,Critical
ORD-000422,2,2024-10-29,2024-11-02,CUST-1036,Global Solutions,CM,Americas,United States,CHIP-PIC18-0010,500,18.09,9045.0,Pending,Standard
ORD-000507,3,2025-09-06,2025-10-02,CUST-1062,Xeno Manufacturing,OEM,Japan,Japan,CHIP-PIC32-0006,1000,11.86,11860.0,Cancelled,Expedite
ORD-000198,4,03-Jan-2024,2024-01-11,CUST-1002,Nordic Manufacturing,EMS,EMEA,Germany,CHIP-MPF-0013,10000,2.27,22700.0,Confirmed,Standard
ORD-000182,2,2024-01-05,2024-02-08,CUST-1037,Iris Devices,CM,EMEA,Israel,CHIP-dsPIC-0011,50,22.8,1140.0,Pending,Standard
ORD-000034,1,06-May-2025,2025-06-10,CUST-1050,Sigma Circuits,EMS,EMEA,Italy,CHIP-WBZ-0013,250,15.4,3850.0,Pending,Expedite
ORD-000249,2,2025-09-05,2025-10-20,CUST-1029,Apex Dynamics,EMS,EMEA,Italy,CHIP-PIC32-0003,500,8.2,4100.0,Shipped,Critical
ORD-000009,1,01/11/2024,2024-01-18,CUST-1006,Bolt Systems,OEM,EMEA,United Kingdom,CHIP-dsPIC-0005,2500,9.45,23625.0,Shipped,Critical
ORD-000242,1,2025-08-12,2025-09-20,CUST-1015,Ether Solutions,EMS,APAC,Taiwan,CHIP-WBZ-0012,5000,4.68,23400.0,Shipped,Expedite
ORD-000206,2,2024-07-19,2024-08-29,CUST-1002,Nordic Manufacturing,EMS,EMEA,Germany,CHIP-WBZ-0016,5000,19.25,96250.0,Shipped,Expedite
ORD-000523,2,2024-02-10,2024-02-13,CUST-1002,Nordic Manufacturing,EMS,EMEA,Germany,CHIP-WBZ-0011,500,20.25,10125.0,Shipped,Expedite
ORD-000484,4,2025-05-23,2025-06-26,CUST-1072,Atlas Systems,OEM,Americas,United States,CHIP-WBZ-0002,25,16.07,401.75,Shipped,Standard
ORD-000101,1,2025-06-14,2025-06-23,CUST-1007,Omega Circuits,OEM,Japan,Japan,CHIP-PIC18-0002,500,2.89,1445.0,Backordered,Expedite
ORD-000415,3,03/13/2024,2024-03-23,CUST-1000,Apex Semiconductor,OEM,Americas,United States,CHIP-dsPIC-0003,10000,7.78,77800.0,Confirmed,Expedite
ORD-000382,1,10/12/2025,2025-11-22,CUST-1009,Bolt Components,CM,Japan,Japan,CHIP-dsPIC-0015,5000,13.43,67150.0,Cancelled,Standard
ORD-000484,1,2025-05-23,2025-06-26,CUST-1072,Atlas Systems,OEM,Americas,United States,CHIP-WBZ-0002,10000,15.69,156900.0,Shipped,Standard
ORD-000280,1,03/15/2024,2024-03-30,CUST-1077,Bright Manufacturing,CM,Americas,Mexico,CHIP-MPF-0012,5000,11.82,59100.0,Shipped,Expedite
ORD-000073,3,03/26/2025,2025-04-06,CUST-1001,Pacific Components,Distributor,APAC,China,CHIP-MPF-0013,5000,1.68,8400.0,Shipped,Critical
ORD-000079,1,2024-10-19,2024-11-01,CUST-1014,Ether Devices,CM,Asia-Pacific,Singapore,CHIP-PIC32-0005,10,37.28,372.8,Shipped,Critical
ORD-000505,2,2025-09-29,2025-11-13,CUST-1063,Jolt Electronics,CM,Japan,Japan,CHIP-dsPIC-0013,5000,5.52,27600.0,Shipped,Critical
ORD-000191,1,04/23/2024,2024-04-30,CUST-1063,Jolt Electronics,CM,Japan,Japan,CHIP-PIC18-0011,10,24.42,244.2,Pending,Critical
ORD-000303,2,05-May-2024,2024-06-02,CUST-1000,Apex Semiconductor,OEM,Americas,United States,CHIP-dsPIC-0001,1000,30.36,30360.0,Pending,Critical
ORD-000037,1,2024-12-09,2025-01-07,CUST-1055,Iris Electronics,OEM,APAC,Taiwan,CHIP-WBZ-0001,25,26.59,664.75,Shipped,Standard
ORD-000516,2,2025-05-21,2025-06-30,CUST-1003,Sigma Electronics,OEM,Japan,Japan,CHIP-PIC18-0003,10000,26.93,269300.0,Confirmed,Expedite
ORD-000389,3,20-Sep-2025,2025-10-27,CUST-1042,Crux Components,Distributor,APAC,India,CHIP-MCP-0005,2500,1.5,3750.0,Backordered,Expedite
ORD-000269,1,2024-06-07,2024-06-23,CUST-1000,Apex Semiconductor,OEM,Americas,United States,CHIP-dsPIC-0003,250,6.85,1712.5,Shipped,Critical
ORD-000357,1,18-Sep-2024,2024-10-14,CUST-1073,Wave Systems,CM,EMEA,Israel,CHIP-WBZ-0002,25,16.2,405.0,Shipped,Critical
ORD-000467,1,2024-04-08,2024-05-10,CUST-1004,Terra Devices,Distributor,Americas,United States,CHIP-WBZ-0004,10000,10.72,107200.0,Confirmed,Critical
ORD-000398,4,06/20/2025,2025-07-02,CUST-1006,Bolt Systems,OEM,EMEA,United Kingdom,CHIP-PIC18-0010,1000,16.98,16980.0,Confirmed,Critical
ORD-000125,2,2025-12-28,2026-01-27,CUST-1073,Wave Systems,CM,EMEA,Israel,CHIP-WBZ-0002,25,15.55,388.75,Shipped,Standard
ORD-000261,1,2024-08-05,2024-08-24,CUST-1002,Nordic Manufacturing,EMS,EMEA,Germany,CHIP-WBZ-0016,1000,18.11,18110.0,Shipped,Critical
ORD-000034,3,06-May-2025,2025-06-10,CUST-1050,Sigma Circuits,EMS,EMEA,Italy,CHIP-MCP-0003,10,6.46,64.6,Pending,Expedite
ORD-000121,1,04/29/2024,2024-05-19,CUST-1072,Atlas Systems,OEM,Americas,United States,CHIP-WBZ-0002,2500,16.1,40250.0,Pending,Expedite
ORD-000474,2,04/26/2024,2024-05-25,CUST-1047,Jade Devices,OEM,APAC,Singapore,CHIP-dsPIC-0010,5000,4.69,23450.0,Shipped,Critical
ORD-000157,1,2024-10-23,2024-11-11,CUST-1076,Omega Manufacturing,OEM,EMEA,United Kingdom,CHIP-PIC18-0010,25,17.51,437.75,Confirmed,Standard
ORD-000042,3,13-Apr-2024,2024-05-02,CUST-1077,Bright Manufacturing,CM,Americas,Mexico,CHIP-PIC32-0011,10,32.97,329.7,Cancelled,Expedite
ORD-000364,2,09/14/2025,2025-10-03,CUST-1002,Nordic Manufacturing,EMS,EMEA,Germany,CHIP-WBZ-0016,1000,19.67,19670.0,Cancelled,Expedite
ORD-000295,3,2025-11-29,2025-12-27,CUST-1003,Sigma Electronics,OEM,Japan,Japan,CHIP-MCP-0004,2500,18.65,46625.0,Shipped,Expedite
ORD-000450,1,03/28/2025,2025-05-06,CUST-1073,Wave Systems,CM,EMEA,Israel,CHIP-WBZ-0002,50,15.62,781.0,Shipped,Standard
ORD-000072,2,2025-04-10,2025-04-13,CUST-9901,TEST Account 2,OEM,Americas,United States,CHIP-PIC32-0004,1000,39.38,39380.0,Shipped,Critical
ORD-000395,2,2025-06-25,2025-06-26,CUST-1039,Bright Electronics,CM,Japan,Japan,CHIP-dsPIC-0005,10000,8.54,85400.0,Shipped,Expedite
ORD-000087,1,17-Jun-2025,2025-07-16,CUST-1017,Pacific Manufacturing,EMS,Japan,Japan,CHIP-dsPIC-0007,250,8.23,2057.5,Shipped,Standard
ORD-000542,1,2025-05-19,2025-06-29,CUST-1072,Atlas Systems,OEM,Americas,United States,CHIP-dsPIC-0002,1000,0.88,880.0,Shipped,Standard
ORD-000027,2,03/20/2024,2024-04-26,CUST-1000,Apex Semiconductor,OEM,Americas,United States,CHIP-dsPIC-0003,250,7.05,1762.5,Shipped,Critical
ORD-000070,4,11/18/2025,2025-11-23,CUST-1009,Bolt Components,CM,Japan,Japan,CHIP-MCP-0010,5000,29.39,146950.0,Shipped,Standard
ORD-000133,1,06/06/2024,2024-07-08,CUST-1002,Nordic Manufacturing,EMS,EMEA,Germany,CHIP-WBZ-0016,10000,18.93,189300.0,Pending,Expedite
ORD-000222,1,05/13/2024,2024-05-27,CUST-1031,Zen Components  ,OEM,Japan,Japan,CHIP-MPF-0013,250,2.57,642.5,Shipped,Critical
ORD-000517,1,2025-08-05,2025-08-08,CUST-1015,Ether Solutions,EMS,APAC,Taiwan,CHIP-WBZ-0012,500,4.57,2285.0,Shipped,Standard
ORD-000380,3,09/13/2024,2024-09-25,CUST-1005,Crux Systems,CM,Americas,United States,CHIP-PIC18-0006,2500,10.87,27175.0,Cancelled,Expedite
ORD-000344,2,07/12/2025,2025-07-19,CUST-1034,Omega Semiconductor,EMS,Japan,Japan,CHIP-MCP-0001,100,20.78,2078.0,Shipped,Standard
ORD-000443,2,08/25/2024,2024-09-07,CUST-1027,Rapid Manufacturing,EMS,EMEA,United Kingdom,CHIP-dsPIC-0015,100,15.28,1528.0,Shipped,Standard
ORD-000439,1,2025-03-31,2025-04-05,CUST-1006,Bolt Systems,OEM,EMEA,United Kingdom,CHIP-dsPIC-0005,250,9.82,2455.0,Confirmed,Expedite
ORD-000420,1,10/14/2024,2024-11-19,CUST-1065,Bolt Devices,OEM,Americas,Mexico,CHIP-dsPIC-0011,10000,37.03,370300.0,Shipped,Expedite
ORD-000553,2,2025-09-29,2025-10-11,CUST-1046,Sigma Components,EMS,APAC,China,CHIP-PIC18-0006,2500,12.05,30125.0,Cancelled,Critical
ORD-000542,2,2025-05-19,2025-06-29,CUST-1072,Atlas Systems,OEM,Americas,United States,CHIP-PIC18-0002,2500,2.8,7000.0,Shipped,Standard
ORD-000059,2,2024-04-26,2024-05-03,CUST-1028,Drift Solutions,Distributor,EMEA,United Kingdom,CHIP-PIC32-0009,250,19.98,4995.0,Pending,Standard
ORD-000003,1,2025-11-07,2025-12-02,CUST-1072,Atlas Systems,OEM,Americas,United States,CHIP-WBZ-0002,25,15.45,386.25,Shipped,Critical
ORD-000193,4,12-Mar-2024,2024-03-18,CUST-1028,Drift Solutions,Distributor,EMEA,United Kingdom,CHIP-MPF-0012,500,10.94,5470.0,Shipped,Expedite
ORD-000379,3,2025-09-04,2025-10-08,CUST-1003,Sigma Electronics,OEM,Japan,Japan,CHIP-MPF-0005,1000,4.19,4190.0,Shipped,Standard
ORD-000252,2,2025-02-20,2025-02-25,CUST-1002,Nordic Manufacturing,EMS,EMEA,Germany,CHIP-WBZ-0009,5000,11.95,59750.0,Shipped,Standard
ORD-000385,1,2024-01-25,2024-03-06,CUST-1001,Pacific Components,Distributor,APAC,China,CHIP-MCP-0009,10000,14.45,144500.0,Cancelled,Standard
ORD-000050,1,24-Jul-2024,2024-08-15,CUST-1076,Omega Manufacturing,OEM,EMEA,United Kingdom,CHIP-PIC18-0010,500,17.85,8925.0,Shipped,Critical
ORD-000325,1,2025-12-14,2026-01-19,CUST-1051,Bright Devices,EMS,Asia-Pacific,China,CHIP-WBZ-0014,10000,14.13,141300.0,Shipped,Expedite
ORD-000396,1,11-Jul-2024,2024-08-06,CUST-1005,Crux Systems,CM,Americas,United States,CHIP-PIC18-0006,5000,10.8,54000.0,Shipped,Standard
ORD-000093,1,2025-04-19,2025-06-03,CUST-1044,Echo Semiconductor,EMS,APAC,China,CHIP-WBZ-0012,10,4.82,48.2,Pending,Expedite
ORD-000532,2,04-Jun-2024,2024-06-12,CUST-1079,Global Technologies,CM,APAC,South Korea,CHIP-WBZ-0016,25,24.21,605.25,Shipped,Standard
ORD-000536,1,05/13/2024,2024-05-22,CUST-1008,Jade Systems,EMS,Americas,Canada,CHIP-PIC18-0001,500,5.25,2625.0,Cancelled,Critical
ORD-000043,1,03/29/2025,2025-04-19,CUST-1002,Nordic Manufacturing,EMS,EMEA,Germany,CHIP-MPF-0012,500,12.15,6075.0,Shipped,Expedite
ORD-000191,2,04/23/2024,2024-04-30,CUST-1063,Jolt Electronics,CM,Japan,Japan,CHIP-MPF-0012,5000,11.71,58550.0,Pending,Critical
ORD-000359,1,02/17/2025,2025-03-21,CUST-1046,Sigma Components,EMS,APAC,China,CHIP-MPF-0011,1000,21.5,21500.0,Pending,Expedite
ORD-000242,2,2025-08-12,2025-09-20,CUST-1015,Ether Solutions,EMS,APAC,Taiwan,CHIP-WBZ-0012,25,4.42,110.5,Shipped,Expedite
ORD-000103,2,2024-02-27,2024-03-20,CUST-9901,TEST Account 2,OEM,Americas,United States,CHIP-dsPIC-0011,5000,35.15,175750.0,Shipped,Expedite
ORD-000128,1,21-Dec-2025,2026-01-26,CUST-1005,Crux Systems,CM,Americas,United States,CHIP-WBZ-0010,1000,27.57,27570.0,Cancelled,Expedite
ORD-000347,1,2025-07-04,2025-08-10,CUST-9901,TEST Account 2,OEM,Americas,United States,CHIP-PIC32-0004,100,40.61,4061.0,Shipped,Critical
ORD-000478,1,2024-10-06,2024-11-12,CUST-1004,Terra Devices,Distributor,Americas,United States,CHIP-PIC18-0006,500,10.97,5485.0,Pending,Standard
ORD-000418,1,10/11/2024,2024-10-26,CUST-1041,Giga Semiconductor,Distributor,Asia-Pacific,Singapore,CHIP-MPF-0016,2500,16.58,41450.0,Shipped,Critical
ORD-000132,1,2025-10-06,2025-11-06,CUST-1012,Vex Manufacturing,CM,Americas,Mexico,CHIP-MPF-0009,10,6.46,64.6,Confirmed,Critical
ORD-000132,2,2025-10-06,2025-11-06,CUST-1012,Vex Manufacturing,CM,Americas,Mexico,CHIP-MCP-0001,250,20.1,5025.0,Confirmed,Critical
ORD-000573,1,2024-11-17,2024-12-31,CUST-1000,Apex Semiconductor,OEM,Americas,United States,CHIP-dsPIC-0003,5000,7.23,36150.0,Shipped,Expedite
ORD-000147,1,07/31/2024,2024-09-13,CUST-1041,Giga Semiconductor,Distributor,APAC,Singapore,CHIP-WBZ-0015,10,2.71,27.1,Shipped,Expedite
ORD-000272,3,2024-08-03,2024-08-18,CUST-1036,Global Solutions,CM,Americas,United States,CHIP-PIC32-0004,50,42.83,2141.5,Shipped,Standard
ORD-000524,3,03/09/2025,2025-04-07,CUST-1022,Jolt Solutions,OEM,APAC,Singapore,CHIP-MCP-0004,100,16.5,1650.0,Cancelled,Expedite
ORD-000204,1,23-Oct-2025,2025-10-24,CUST-1001,Pacific Components,Distributor,APAC,China,CHIP-PIC32-0007,5000,22.02,110100.0,Confirmed,Standard
ORD-000039,3,2025-10-31,2025-11-11,CUST-1060,Prime Electronics,Distributor,APAC,China,CHIP-dsPIC-0004,10000,32.27,322700.0,Confirmed,Expedite
ORD-000576,3,2024-05-21,2024-06-25,CUST-1000,Apex Semiconductor,OEM,Americas,United States,CHIP-dsPIC-0003,10000,7.26,72600.0,Shipped,Expedite
ORD-000016,1,2025-08-06,2025-08-29,CUST-1037,Iris Devices,CM,EMEA,Israel,CHIP-WBZ-0001,250,28.9,7225.0,Confirmed,Critical
ORD-000127,2,2024-01-01,2024-01-11,CUST-1037,Iris Devices,CM,EMEA,Israel,CHIP-PIC32-0005,25,40.54,1013.5,Confirmed,Expedite
ORD-000012,1,2025-09-21,2025-10-29,CUST-1043,Nova Manufacturing,OEM,Japan,Japan,CHIP-WBZ-0001,50,31.81,1590.5,Shipped,Standard
ORD-000193,2,12-Mar-2024,2024-03-18,CUST-1028,Drift Solutions,Distributor,EMEA,United Kingdom,CHIP-PIC18-0004,250,7.77,1942.5,Shipped,Expedite
ORD-000347,3,2025-07-04,2025-08-10,CUST-9901,TEST Account 2,OEM,Americas,United States,CHIP-PIC32-0004,10000,39.58,395800.0,Shipped,Critical
ORD-000568,2,2025-12-19,2026-01-11,CUST-1051,Bright Devices,EMS,APAC,China,CHIP-WBZ-0014,25,14.67,366.75,Shipped,Critical
ORD-000066,2,2025-04-01,2025-05-03,CUST-1070,Zen Solutions,EMS,Americas,Mexico,CHIP-PIC18-0002,1000,2.62,2620.0,Shipped,Critical
ORD-000110,1,27-Feb-2025,2025-03-26,CUST-1045,Ultra Electronics,CM,Americas,Brazil,CHIP-MCP-0001,50,19.99,999.5,Shipped,Critical
ORD-000538,1,2024-10-18,2024-11-15,CUST-1076,Omega Manufacturing,OEM,EMEA,United Kingdom,CHIP-PIC18-0010,250,17.05,4262.5,Pending,Standard
ORD-000132,3,2025-10-06,2025-11-06,CUST-1012,Vex Manufacturing,CM,Americas,Mexico,CHIP-WBZ-0007,500,4.25,2125.0,Confirmed,Critical
ORD-000208,1,2024-03-17,2024-04-02,CUST-1003,Sigma Electronics,OEM,Japan,Japan,CHIP-dsPIC-0012,250,8.52,2130.0,Shipped,Expedite
ORD-000508,2,2025-10-14,2025-11-01,CUST-1000,Apex Semiconductor,OEM,Americas,United States,CHIP-dsPIC-0003,1000,7.13,7130.0,Shipped,Expedite
ORD-000470,5,2024-01-08,2024-01-19,CUST-1028,Drift Solutions,Distributor,EMEA,United Kingdom,CHIP-MPF-0010,2500,17.73,44325.0,Backordered,Expedite
ORD-000274,1,09/25/2025,2025-09-29,CUST-1056,Delta Dynamics,Distributor,Americas,Canada,CHIP-MPF-0001,25,16.89,422.25,Shipped,Standard
ORD-000272,4,2024-08-03,2024-08-18,CUST-1036,Global Solutions,CM,Americas,United States,CHIP-WBZ-0004,2500,14.64,36600.0,Shipped,Standard
ORD-000563,2,2025-08-15,2025-09-29,CUST-1000,Apex Semiconductor,OEM,Americas,United States,CHIP-dsPIC-0003,500,7.41,3705.0,Shipped,Expedite
ORD-000251,1,2025-04-12,2025-04-18,CUST-1039,Bright Electronics,CM,Japan,Japan,CHIP-MPF-0010,25,15.08,377.0,Cancelled,Critical
ORD-000061,1,02/11/2025,2025-03-05,CUST-1040,Delta Systems,CM,APAC,India,CHIP-MPF-0001,5000,17.85,89250.0,Backordered,Expedite
ORD-000154,1,2025-02-11,2025-02-21,CUST-1002,Nordic Manufacturing,EMS,EMEA,Germany,CHIP-WBZ-0016,1000,19.78,19780.0,Pending,Expedite
ORD-000134,4,11/01/2025,2025-12-09,CUST-1002,Nordic Manufacturing,EMS,EMEA,Germany,CHIP-WBZ-0015,500,3.84,1920.0,Shipped,Critical
ORD-000226,1,03/30/2025,2025-04-03,CUST-1044,Echo Semiconductor,EMS,Asia-Pacific,China,CHIP-dsPIC-0014,500,38.42,15582.72,Confirmed,Standard
ORD-000129,1,2025-01-28,2025-02-21,CUST-1014,Ether Devices,CM,APAC,Singapore,CHIP-PIC32-0005,50,36.35,1817.5,Pending,Standard
ORD-000511,5,2025-11-14,2025-12-19,CUST-1000,Apex Semiconductor,OEM,Americas,United States,CHIP-MCP-0010,10000,39.02,390200.0,Shipped,Expedite
ORD-000291,1,2025-09-12,2025-09-14,CUST-1029,Apex Dynamics,EMS,EMEA,Italy,CHIP-PIC32-0001,25,30.29,757.25,Confirmed,Critical
ORD-000209,3,2024-05-10,2024-05-14,CUST-1022,Jolt Solutions,OEM,APAC,Singapore,CHIP-WBZ-0016,5000,29.85,149250.0,Cancelled,Expedite
ORD-000176,2,2025-05-04,2025-05-13,CUST-1020,Drift Devices,OEM,EMEA,Italy,CHIP-MPF-0009,5000,6.92,34600.0,Shipped,Critical
ORD-000056,1,2025-05-09,2025-06-10,CUST-1048,Vex Systems,Distributor,Americas,United States,CHIP-MCP-0003,10,4.91,49.1,Shipped,Expedite
ORD-000544,1,03/26/2024,2024-04-11,CUST-1074,Nordic Dynamics,CM,Americas,Brazil,CHIP-PIC32-0008,5000,6.11,30550.0,Shipped,Critical
ORD-000160,1,2024-05-29,2024-06-16,CUST-1006,Bolt Systems,OEM,EMEA,United Kingdom,CHIP-dsPIC-0005,5000,9.23,46150.0,Cancelled,Expedite
ORD-000460,1,02/07/2024,2024-03-21,CUST-1070,Zen Solutions,EMS,Americas,Mexico,CHIP-dsPIC-0005,1000,8.94,8940.0,Pending,Critical
ORD-000540,2,2025-02-14,2025-02-26,CUST-1030,Halo Technologies,Distributor,Japan,Japan,CHIP-MCP-0009,100,12.15,1215.0,Shipped,Standard
ORD-000137,2,12/25/2025,2026-01-26,CUST-1070,Zen Solutions,EMS,Americas,Mexico,CHIP-MCP-0002,500,10.27,5135.0,Shipped,Expedite
ORD-000494,2,2025-10-02,2025-11-02,CUST-1010,Atlas Semiconductor,EMS,EMEA,Italy,CHIP-PIC32-0006,50,9.82,491.0,Shipped,Standard
ORD-000097,1,05/17/2024,2024-06-03,CUST-1000,Apex Semiconductor,OEM,Americas,United States,CHIP-dsPIC-0003,500,7.39,3695.0,Cancelled,Expedite
ORD-000055,1,25-Apr-2024,2024-05-04,CUST-1026,Global Electronics,CM,Americas,Mexico,CHIP-PIC32-0009,1000,25.24,25240.0,Confirmed,Standard
ORD-000303,4,05-May-2024,2024-06-02,CUST-1000,Apex Semiconductor,OEM,Americas,United States,CHIP-PIC32-0003,10000,10.65,106500.0,Pending,Critical
ORD-000322,3,2024-02-15,2024-03-25,CUST-1076,Omega Manufacturing,OEM,EMEA,United Kingdom,CHIP-PIC18-0010,50,17.45,872.5,Shipped,Standard
ORD-000272,1,2024-08-03,2024-08-18,CUST-1036,Global Solutions,CM,AMER,United States,CHIP-PIC18-0001,1000,5.61,5610.0,Shipped,Standard
ORD-000489,1,2024-04-25,2024-05-31,CUST-1011,Helix Dynamics,Distributor,Americas,Mexico,CHIP-PIC32-0006,10,7.49,74.9,Shipped,Critical
ORD-000171,1,2024-01-21,2024-01-25,CUST-1002,Nordic Manufacturing,EMS,EMEA,Germany,CHIP-WBZ-0016,2500,20.38,50950.0,Cancelled,Standard
ORD-000463,1,19-Apr-2024,2024-04-29,CUST-1002,Nordic Manufacturing,EMS,EMEA,Germany,CHIP-dsPIC-0005,250,9.45,2362.5,Confirmed,Standard
ORD-000488,2,2024-12-03,2025-01-01,CUST-1037,Iris Devices,CM,EMEA,Israel,CHIP-WBZ-0014,100,17.88,1788.0,Shipped,Critical
ORD-000152,2,08-Jun-2024,2024-06-09,CUST-1000,Apex Semiconductor,OEM,Americas,United States,CHIP-MPF-0012,1000,14.4,14400.0,Backordered,Critical
ORD-000362,1,2025-03-03,2025-03-20,CUST-9901,TEST Account 2,OEM,Americas,United States,CHIP-MCP-0009,2500,16.98,42450.0,Cancelled,Critical
ORD-000521,1,2024-05-14,2024-06-14,CUST-1063,Jolt Electronics,CM,Japan,Japan,CHIP-PIC18-0006,1000,9.77,9770.0,Shipped,Expedite
ORD-000066,4,2025-04-01,2025-05-03,CUST-1070,Zen Solutions,EMS,Americas,Mexico,CHIP-PIC18-0008,10000,14.14,141400.0,Shipped,Critical
ORD-000211,1,2024-08-12,2024-08-13,CUST-1054,Ultra Components,Distributor,Americas,Brazil,CHIP-MCP-0010,2500,23.24,58100.0,Confirmed,Critical
ORD-000511,1,2025-11-14,2025-12-19,CUST-1000,Apex Semiconductor,OEM,Americas,United States,CHIP-dsPIC-0003,5000,6.9,34500.0,Shipped,Expedite
ORD-000461,1,04/26/2024,2024-05-02,CUST-1003,Sigma Electronics,OEM,Japan,Japan,CHIP-MPF-0002,1000,33.18,33180.0,Confirmed,Expedite
ORD-000234,1,12/15/2025,2026-01-27,CUST-1008,Jade Systems,EMS,Americas,Canada,CHIP-PIC18-0001,250,5.11,1277.5,Confirmed,Expedite
ORD-000329,1,06/09/2024,2024-07-12,CUST-1046,Sigma Components,EMS,APAC,China,CHIP-PIC18-0008,500,13.12,6560.0,Shipped,Expedite
ORD-000052,3,2024-08-21,2024-09-05,CUST-1046,Sigma Components,EMS,APAC,China,CHIP-MPF-0011,100,22.33,2233.0,Pending,Standard
ORD-000047,1,2024-12-10,2024-12-28,CUST-1034,Omega Semiconductor,EMS,Japan,Japan,CHIP-MPF-0012,100,10.65,1065.0,Confirmed,Expedite
ORD-000498,1,2025-01-12,2025-01-28,CUST-1011,Helix Dynamics,Distributor,Americas,Mexico,CHIP-PIC32-0006,500,7.29,3645.0,Confirmed,Critical
ORD-000366,3,10/11/2024,2024-10-17,CUST-1047,Jade Devices,OEM,APAC,Singapore,CHIP-PIC32-0008,2500,6.1,15250.0,Pending,Critical
ORD-000094,1,2025-03-29,2025-04-14,CUST-1002,Nordic Manufacturing,EMS,EMEA,Germany,CHIP-WBZ-0016,5000,18.98,94900.0,Pending,Standard
ORD-000166,3,2025-04-05,2025-04-26,CUST-1029,Apex Dynamics,EMS,EMEA,Italy,CHIP-PIC32-0003,250,7.73,1932.5,Cancelled,Expedite
ORD-000451,1,2025-03-22,2025-04-20,CUST-1006,Bolt Systems,OEM,EMEA,United Kingdom,CHIP-PIC18-0010,500,16.48,8240.0,Cancelled,Standard
ORD-000445,2,25-Apr-2025,2025-05-17,CUST-1077,Bright Manufacturing,CM,Americas,Mexico,CHIP-MPF-0012,10000,11.82,118200.0,Shipped,Expedite
ORD-000305,1,2024-12-28,2025-01-25,CUST-1076,Omega Manufacturing,OEM,EMEA,United Kingdom,CHIP-PIC18-0010,1000,16.85,16850.0,Shipped,Expedite
ORD-000079,2,2024-10-19,2024-11-01,CUST-1014,Ether Devices,CM,APAC,Singapore,CHIP-WBZ-0002,10000,15.1,151000.0,Shipped,Critical
ORD-000541,2,2025-05-12,2025-06-24,CUST-1004,Terra Devices,Distributor,Americas,United States,CHIP-dsPIC-0004,10000,30.32,303200.0,Shipped,Expedite
ORD-000523,3,2024-02-10,2024-02-13,CUST-1002,Nordic Manufacturing,EMS,EMEA,Germany,CHIP-WBZ-0016,1000,19.44,19440.0,Shipped,Expedite
ORD-000322,4,2024-02-15,2024-03-25,CUST-1076,Omega Manufacturing,OEM,EMEA,United Kingdom,CHIP-dsPIC-0008,100,0.75,75.0,Shipped,Standard
ORD-000357,2,18-Sep-2024,2024-10-14,CUST-1073,Wave Systems,CM,EMEA,Israel,CHIP-MPF-0015,10000,7.59,75900.0,Shipped,Critical
ORD-000511,2,2025-11-14,2025-12-19,CUST-1000,Apex Semiconductor,OEM,Americas,United States,CHIP-dsPIC-0003,500,7.4,3700.0,Shipped,Expedite
ORD-000208,2,2024-03-17,2024-04-02,CUST-1003,Sigma Electronics,OEM,Japan,Japan,CHIP-PIC32-0009,2500,26.42,66050.0,Shipped,Expedite
ORD-000416,4,2024-07-10,2024-07-31,CUST-1009,Bolt Components,CM,Japan,Japan,CHIP-WBZ-0011,10000,22.54,225400.0,Pending,Standard
ORD-000484,3,2025-05-23,2025-06-26,CUST-1072,Atlas Systems,OEM,Americas,United States,CHIP-WBZ-0002,100,16.26,1626.0,Shipped,Standard
ORD-000114,2,2025-06-12,2025-07-23,CUST-1003,Sigma Electronics,OEM,Japan,Japan,CHIP-PIC32-0010,2500,4.05,10125.0,Backordered,Standard
ORD-000107,1,2024-10-17,2024-10-30,CUST-1002,Nordic Manufacturing,EMS,EMEA,Germany,CHIP-WBZ-0016,250,18.53,4632.5,Pending,Critical
ORD-000415,2,03/13/2024,2024-03-23,CUST-1000,Apex Semiconductor,OEM,AMER,United States,CHIP-WBZ-0012,2500,6.62,16550.0,Confirmed,Expedite
ORD-000095,1,2025-06-17,2025-06-25,CUST-1075,Rapid Solutions,OEM,Asia-Pacific,Singapore,CHIP-MCP-0008,100,19.86,1986.0,Shipped,Critical
ORD-000352,3,03/25/2024,2024-04-17,CUST-1002,Nordic Manufacturing,EMS,EMEA,Germany,CHIP-MPF-0003,5000,16.27,81350.0,Confirmed,Standard
ORD-000006,1,2025-09-23,2025-10-06,CUST-1000,Apex Semiconductor,OEM,Americas,United States,CHIP-dsPIC-0003,5000,7.47,37350.0,Shipped,Standard
ORD-000473,1,2025-07-28,2025-08-19,CUST-1054,Ultra Components,Distributor,Americas,Brazil,CHIP-PIC18-0010,500,16.33,6956.18,Shipped,Critical
ORD-000501,2,2025-09-13,2025-10-22,CUST-1039,Bright Electronics,CM,Japan,Japan,CHIP-MPF-0010,500,15.87,7935.0,Confirmed,Standard
ORD-000125,3,2025-12-28,2026-01-27,CUST-1073,Wave Systems,CM,EMEA,Israel,CHIP-MPF-0015,500,7.41,3705.0,Shipped,Standard
ORD-000502,2,07/06/2024,2024-08-03,CUST-1062,Xeno Manufacturing,OEM,Japan,Japan,CHIP-WBZ-0012,5000,7.21,36050.0,Confirmed,Expedite
ORD-000341,1,05/20/2024,2024-06-22,CUST-1000,Apex Semiconductor,OEM,Americas,United States,CHIP-PIC32-0003,250,9.28,2320.0,Pending,Expedite
ORD-000067,1,2025-09-25,2025-09-30,CUST-1002,Nordic Manufacturing,EMS,EMEA,Germany,CHIP-WBZ-0016,5000,18.89,94450.0,Pending,Critical
ORD-000557,2,11/11/2024,2024-12-02,CUST-1077,Bright Manufacturing,CM,Americas,Mexico,CHIP-PIC18-0009,1000,31.17,31170.0,Backordered,Standard
ORD-000098,4,2025-07-18,2025-07-28,CUST-1003,Sigma Electronics,OEM,Japan,Japan,CHIP-dsPIC-0006,10000,20.52,205200.0,Confirmed,Expedite
ORD-000166,5,2025-04-05,2025-04-26,CUST-1029,Apex Dynamics,EMS,EMEA,Italy,CHIP-MPF-0014,25,4.72,118.0,Cancelled,Expedite
ORD-000411,1,2025-09-09,2025-10-11,CUST-1050,Sigma Circuits,EMS,EMEA,Italy,CHIP-dsPIC-0007,100,8.75,875.0,Shipped,Critical
ORD-000187,1,2025-03-22,2025-05-02,CUST-1076,Omega Manufacturing,OEM,EMEA,United Kingdom,CHIP-dsPIC-0008,50,0.71,35.5,Cancelled,Critical
ORD-000179,2,2024-09-16,2024-10-19,CUST-1005,Crux Systems,CM,Americas,United States,CHIP-dsPIC-0015,5000,13.28,66400.0,Cancelled,Expedite
ORD-000008,2,2025-11-20,2025-12-22,CUST-1003,Sigma Electronics,OEM,Japan,Japan,CHIP-PIC32-0004,5000,47.37,236850.0,Shipped,Expedite
ORD-000524,1,03/09/2025,2025-04-07,CUST-1022,Jolt Solutions,OEM,APAC,Singapore,CHIP-MCP-0004,50,15.46,773.0,Cancelled,Expedite
ORD-000223,2,2025-12-18,2026-01-07,CUST-1000,Apex Semiconductor,OEM,AMER,United States,CHIP-dsPIC-0001,1000,34.03,34030.0,Shipped,Standard
ORD-000159,3,2024-06-25,2024-07-15,CUST-1048,Vex Systems,Distributor,Americas,United States,CHIP-dsPIC-0002,250,0.56,117.4,Shipped,Standard
ORD-000336,1,02-Nov-2025,2025-11-28,CUST-1002,Nordic Manufacturing,EMS,EMEA,Germany,CHIP-WBZ-0016,250,19.6,4900.0,Shipped,Critical
ORD-000089,1,06/30/2024,2024-08-07,CUST-1022,Jolt Solutions,OEM,APAC,Singapore,CHIP-MCP-0004,5000,15.99,79950.0,Confirmed,Critical
ORD-000117,1,22-Mar-2024,2024-04-30,CUST-1008,Jade Systems,EMS,Americas,Canada,CHIP-PIC18-0001,10,4.82,48.2,Confirmed,Standard
ORD-000425,2,10/19/2025,2025-11-14,CUST-1053,Sigma Systems,CM,APAC,China,CHIP-MCP-0007,2500,7.28,18200.0,Confirmed,Critical
ORD-000002,2,2024-03-17,2024-04-30,CUST-1047,Jade Devices,OEM,APAC,Singapore,CHIP-dsPIC-0010,10000,4.51,45100.0,Cancelled,Critical
ORD-000127,1,2024-01-01,2024-01-11,CUST-1037,Iris Devices,CM,EMEA,Israel,CHIP-WBZ-0001,100,27.98,2798.0,Confirmed,Expedite
ORD-000031,1,2025-07-02,2025-07-25,CUST-1008,Jade Systems,EMS,Americas,Canada,CHIP-PIC18-0001,25,5.12,128.0,Backordered,Standard
ORD-000445,1,25-Apr-2025,2025-05-17,CUST-1077,Bright Manufacturing,CM,Americas,Mexico,CHIP-MPF-0012,250,12.15,3037.5,Shipped,Expedite
ORD-000444,4,2025-01-05,2025-01-20,CUST-1000,Apex Semiconductor,OEM,Americas,United States,CHIP-dsPIC-0003,1000,6.97,6970.0,Pending,Expedite
ORD-000253,1,2024-07-06,2024-08-04,CUST-1028,Drift Solutions,Distributor,EMEA,United Kingdom,CHIP-PIC32-0002,5000,5.15,25750.0,Backordered,Expedite
ORD-000076,2,11/06/2025,2025-11-15,CUST-1055,Iris Electronics,OEM,APAC,Taiwan,CHIP-PIC32-0005,10000,52.09,520900.0,Cancelled,Critical
ORD-000575,1,07/28/2025,2025-09-09,CUST-1002,Nordic Manufacturing,EMS,EMEA,Germany,CHIP-WBZ-0016,500,20.77,10385.0,Confirmed,Standard
ORD-000500,4,01/09/2024,2024-01-10,CUST-1072,Atlas Systems,OEM,Americas,United States,CHIP-PIC18-0008,250,16.12,4030.0,Cancelled,Standard
ORD-000342,2,2025-10-10,2025-10-28,CUST-1002,Nordic Manufacturing,EMS,EMEA,Germany,CHIP-PIC32-0005,10000,39.24,392400.0,Pending,Expedite
ORD-000356,2,2024-07-04,2024-08-17,CUST-1036,Global Solutions,CM,Americas,United States,CHIP-MCP-0011,25,25.13,628.25,Shipped,Standard
ORD-000440,1,2025-01-20,2025-01-23,CUST-1027,Rapid Manufacturing,EMS,EMEA,United Kingdom,CHIP-PIC18-0003,100,25.72,2572.0,Shipped,Standard
ORD-000139,1,2025-05-24,2025-07-02,CUST-1009,Bolt Components,CM,Japan,Japan,CHIP-PIC32-0002,1000,5.48,5480.0,Pending,Standard
ORD-000011,1,03/12/2025,2025-04-11,CUST-1015,Ether Solutions,EMS,APAC,Taiwan,CHIP-WBZ-0012,1000,4.47,4470.0,Shipped,Expedite
ORD-000178,1,2025-02-22,2025-03-04,CUST-1001,Pacific Components,Distributor,APAC,China,CHIP-dsPIC-0014,1000,32.58,32580.0,Shipped,Expedite
ORD-000397,2,2024-11-25,2024-12-31,CUST-1044,Echo Semiconductor,EMS,APAC,China,CHIP-PIC32-0010,500,3.8,1900.0,Shipped,Expedite
ORD-000238,2,2025-04-29,2025-05-21,CUST-1067,Jolt Dynamics,CM,Japan,Japan,CHIP-dsPIC-0012,10,6.95,69.5,Confirmed,Expedite
ORD-000228,1,2025-08-05,2025-08-16,CUST-1009,Bolt Components,CM,Japan,Japan,CHIP-PIC32-0002,50,5.31,265.5,Shipped,Standard
ORD-000568,1,2025-12-19,2026-01-11,CUST-1051,Bright Devices,EMS,Asia-Pacific,China,CHIP-WBZ-0014,1000,14.78,14780.0,Shipped,Critical
ORD-000379,2,2025-09-04,2025-10-08,CUST-1003,Sigma Electronics,OEM,Japan,Japan,CHIP-MCP-0012,5000,10.2,51000.0,Shipped,Standard
ORD-000166,4,2025-04-05,2025-04-26,CUST-1029,Apex Dynamics,EMS,EMEA,Italy,CHIP-PIC32-0003,1000,7.86,7860.0,Cancelled,Expedite
ORD-000304,2,02/02/2024,2024-03-04,CUST-1055,Iris Electronics,OEM,APAC,Taiwan,CHIP-dsPIC-0011,10000,33.92,339200.0,Cancelled,Standard
ORD-000400,2,2025-05-24,2025-06-06,CUST-1076,Omega Manufacturing,OEM,EMEA,United Kingdom,CHIP-MPF-0012,50,13.86,693.0,Shipped,Standard
ORD-000170,2,26-May-2025,2025-06-09,CUST-1072,Atlas Systems,OEM,Americas,United States,CHIP-PIC18-0006,1000,15.13,15130.0,Confirmed,Critical
ORD-000084,2,2024-04-12,2024-04-30,CUST-1073,Wave Systems,CM,EMEA,Israel,CHIP-dsPIC-0015,2500,13.31,33275.0,Pending,Critical
ORD-000183,5,2024-10-16,2024-11-06,CUST-1002,Nordic Manufacturing,EMS,EMEA,Germany,CHIP-WBZ-0016,10000,18.96,189600.0,Pending,Critical
ORD-000539,2,08/23/2024,2024-08-30,CUST-1000,Apex Semiconductor,OEM,AMER,United States,CHIP-dsPIC-0003,10000,6.88,68800.0,Shipped,Expedite
ORD-000314,4,2024-07-24,2024-08-15,CUST-1000,Apex Semiconductor,OEM,Americas,United States,CHIP-dsPIC-0013,250,6.79,1697.5,Cancelled,Standard
ORD-000432,1,2024-02-18,2024-03-08,CUST-1034,Omega Semiconductor,EMS,Japan,Japan,CHIP-MPF-0005,50,3.21,160.5,Shipped,Critical
ORD-000517,2,2025-08-05,2025-08-08,CUST-1015,Ether Solutions,EMS,APAC,Taiwan,CHIP-WBZ-0012,50,4.67,233.5,Shipped,Standard
ORD-000529,2,24-May-2025,2025-06-01,CUST-1000,Apex Semiconductor,OEM,Americas,United States,CHIP-MCP-0008,5000,17.03,85150.0,Shipped,Critical
ORD-000535,2,01-May-2024,2024-05-11,CUST-1003,Sigma Electronics,OEM,Japan,Japan,CHIP-dsPIC-0005,250,10.25,2562.5,Shipped,Expedite
ORD-000155,2,06/21/2025,2025-07-13,CUST-1000,Apex Semiconductor,OEM,Americas,United States,CHIP-dsPIC-0003,1000,7.01,7010.0,Shipped,Critical
ORD-000438,1,04/10/2025,2025-05-05,CUST-1017,Pacific Manufacturing,EMS,Japan,Japan,CHIP-dsPIC-0011,250,30.1,7525.0,Pending,Standard
ORD-000324,1,2024-11-17,2024-11-25,CUST-1055,Iris Electronics,OEM,APAC,Taiwan,CHIP-WBZ-0001,100,29.25,2481.32,Shipped,Expedite
ORD-000277,4,2024-05-12,2024-06-26,CUST-1000,Apex Semiconductor,OEM,Americas,United States,CHIP-dsPIC-0003,5000,7.55,37750.0,Confirmed,Expedite
ORD-000008,3,2025-11-20,2025-12-22,CUST-1003,Sigma Electronics,OEM,JP,Japan,CHIP-PIC32-0009,500,28.45,14225.0,Shipped,Expedite
ORD-000135,1,2025-12-09,2026-01-21,CUST-1003,Sigma Electronics,OEM,Japan,Japan,CHIP-MCP-0001,250,22.87,5717.5,Pending,Expedite
ORD-000217,1,2025-04-23,2025-05-21,CUST-1006,Bolt Systems,OEM,EMEA,United Kingdom,CHIP-dsPIC-0005,2500,9.54,23850.0,Shipped,Expedite
ORD-000424,1,2024-02-27,2024-03-07,CUST-1004,Terra Devices,Distributor,Americas,United States,CHIP-dsPIC-0001,10000,21.82,218200.0,Shipped,Standard
ORD-000376,4,2024-08-01,2024-08-26,CUST-1006,Bolt Systems,OEM,EMEA,United Kingdom,CHIP-PIC18-0010,25,16.92,423.0,Shipped,Expedite
ORD-000369,1,2025-03-02,2025-03-20,CUST-1034,Omega Semiconductor,EMS,Japan,Japan,CHIP-MPF-0012,500,10.2,5100.0,Shipped,Expedite
ORD-000086,1,2024-11-28,2025-01-11,CUST-1000,Apex Semiconductor,OEM,Americas,United States,CHIP-dsPIC-0003,2500,7.15,17875.0,Confirmed,Critical
ORD-000119,2,2025-08-08,2025-09-18,CUST-1002,Nordic Manufacturing,EMS,EMEA,Germany,CHIP-PIC18-0004,10000,9.08,90800.0,Confirmed,Standard
ORD-000149,2,2025-02-04,2025-02-16,CUST-1055,Iris Electronics,OEM,Asia-Pacific,Taiwan,CHIP-MPF-0002,500,32.9,14404.02,Shipped,Standard
ORD-000017,1,05/16/2025,2025-05-26,CUST-1055,Iris Electronics,OEM,APAC,Taiwan,CHIP-PIC18-0008,25,15.49,387.25,Confirmed,Expedite
ORD-000241,1,21-Mar-2025,2025-03-23,CUST-1018,Echo Devices,OEM,EMEA,Israel,CHIP-MCP-0011,250,31.16,7790.0,Shipped,Expedite
ORD-000252,1,2025-02-20,2025-02-25,CUST-1002,Nordic Manufacturing,EMS,EMEA,Germany,CHIP-WBZ-0016,500,19.43,9237.63,Shipped,Standard
ORD-000491,1,02/03/2024,2024-02-04,CUST-1015,Ether Solutions,EMS,APAC,Taiwan,CHIP-WBZ-0012,25,4.63,115.75,Pending,Critical
ORD-000393,2,2024-01-07,2024-02-16,CUST-1045,Ultra Electronics,CM,Americas,Brazil,CHIP-WBZ-0009,50,10.96,548.0,Shipped,Expedite
ORD-000529,1,24-May-2025,2025-06-01,CUST-1000,Apex Semiconductor,OEM,AMER,United States,CHIP-dsPIC-0003,500,7.24,3620.0,Shipped,Critical
ORD-000515,2,2025-06-08,2025-07-14,CUST-1038,Rapid Semiconductor,Distributor,APAC,Taiwan,CHIP-PIC18-0002,5000,1.92,9600.0,Confirmed,Critical
ORD-000008,1,2025-11-20,2025-12-22,CUST-1003,Sigma Electronics,OEM,Japan,Japan,CHIP-MPF-0015,2500,14.36,35900.0,Shipped,Expedite
ORD-000243,1,2024-11-23,2024-12-17,CUST-1000,Apex Semiconductor,OEM,Americas,United States,CHIP-dsPIC-0003,250,7.25,1812.5,Pending,Standard
ORD-000344,3,07/12/2025,2025-07-19,CUST-1034,Omega Semiconductor,EMS,Japan,Japan,CHIP-MPF-0012,5000,10.44,52200.0,Shipped,Standard
ORD-000049,2,2024-07-06,2024-08-19,CUST-1076,Omega Manufacturing,OEM,EMEA,United Kingdom,CHIP-MPF-0006,10000,0.74,7400.0,Cancelled,Critical
ORD-000398,5,06/20/2025,2025-07-02,CUST-1006,Bolt Systems,OEM,EMEA,United Kingdom,CHIP-PIC32-0007,10,26.97,269.7,Confirmed,Critical
ORD-000042,1,13-Apr-2024,2024-05-02,CUST-1077,Bright Manufacturing,CM,Americas,Mexico,CHIP-WBZ-0006,2500,32.76,81900.0,Cancelled,Expedite
ORD-000542,3,2025-05-19,2025-06-29,CUST-1072,Atlas Systems,OEM,Americas,United States,CHIP-dsPIC-0011,1000,34.09,34090.0,Shipped,Standard
ORD-000036,2,2025-08-23,2025-08-30,CUST-1055,Iris Electronics,OEM,APAC,Taiwan,CHIP-MCP-0011,10000,30.18,301800.0,Shipped,Expedite
ORD-000018,1,11/29/2025,2025-12-03,CUST-1000,Apex Semiconductor,OEM,Americas,United States,CHIP-dsPIC-0003,500,6.9,3450.0,Shipped,Critical
ORD-000070,1,11/18/2025,2025-11-23,CUST-1009,Bolt Components,CM,Japan,Japan,CHIP-PIC32-0002,500,5.24,2620.0,Shipped,Standard
ORD-000096,2,2025-12-08,2026-01-08,CUST-1002,Nordic Manufacturing,EMS,EMEA,Germany,CHIP-MCP-0003,250,5.26,1315.0,Confirmed,Standard
ORD-000322,1,2024-02-15,2024-03-25,CUST-1076,Omega Manufacturing,OEM,EMEA,United Kingdom,CHIP-PIC18-0010,100,17.74,1774.0,Shipped,Standard
ORD-000302,3,2024-05-30,2024-06-06,CUST-1026,Global Electronics,CM,Americas,Mexico,CHIP-MCP-0011,50,22.22,1111.0,Shipped,Critical
ORD-000219,1,2024-08-21,2024-09-05,CUST-1076,Omega Manufacturing,OEM,EMEA,United Kingdom,CHIP-dsPIC-0008,2500,0.71,1775.0,Pending,Standard
ORD-000215,1,05/25/2025,2025-06-28,CUST-1052,Sigma Semiconductor,EMS,Japan,Japan,CHIP-MCP-0005,2500,1.76,4400.0,Shipped,Expedite
ORD-000147,2,07/31/2024,2024-09-13,CUST-1041,Giga Semiconductor,Distributor,APAC,Singapore,CHIP-MPF-0016,50,16.91,845.5,Shipped,Expedite
ORD-000543,2,2024-01-16,2024-01-21,CUST-1062,Xeno Manufacturing,OEM,Japan,Japan,CHIP-PIC32-0007,10,29.68,296.8,Pending,Expedite
ORD-000184,1,06/01/2024,2024-06-10,CUST-1034,Omega Semiconductor,EMS,Japan,Japan,CHIP-MPF-0012,10000,9.86,98600.0,Confirmed,Expedite
ORD-000061,5,02/11/2025,2025-03-05,CUST-1040,Delta Systems,CM,APAC,India,CHIP-dsPIC-0008,100,0.69,69.0,Backordered,Expedite
ORD-000555,1,2025-07-04,2025-08-09,CUST-1011,Helix Dynamics,Distributor,AMER,Mexico,CHIP-PIC32-0006,25,7.28,182.0,Pending,Standard
ORD-000577,2,2024-01-01,2024-01-07,CUST-1073,Wave Systems,CM,EMEA,Israel,CHIP-MPF-0015,500,8.08,4040.0,Confirmed,Standard
ORD-000252,4,2025-02-20,2025-02-25,CUST-1002,Nordic Manufacturing,EMS,EMEA,Germany,CHIP-MCP-0003,5000,6.18,30900.0,Shipped,Standard
ORD-000512,1,2025-11-28,2025-12-19,CUST-1002,Nordic Manufacturing,EMS,EMEA,Germany,CHIP-WBZ-0016,2500,19.99,49975.0,Shipped,Expedite
ORD-000443,1,08/25/2024,2024-09-07,CUST-1027,Rapid Manufacturing,EMS,EMEA,United Kingdom,CHIP-PIC18-0012,10,25.01,250.1,Shipped,Standard
ORD-000106,1,2025-04-27,2025-04-29,CUST-1041,Giga Semiconductor,Distributor,APAC,Singapore,CHIP-WBZ-0015,5000,2.88,14400.0,Shipped,Critical
ORD-000281,4,2024-03-07,2024-03-28,CUST-1002,Nordic Manufacturing,EMS,EMEA,Germany,CHIP-WBZ-0002,250,16.56,4140.0,Shipped,Critical
ORD-000182,3,2024-01-05,2024-02-08,CUST-1037,Iris Devices,CM,EMEA,Israel,CHIP-MPF-0003,10,16.64,166.4,Pending,Standard
ORD-000376,1,2024-08-01,2024-08-26,CUST-1006,Bolt Systems,OEM,EMEA,United Kingdom,CHIP-PIC18-0010,10000,16.1,161000.0,Shipped,Expedite
ORD-000131,2,2025-04-28,2025-06-08,CUST-1055,Iris Electronics,OEM,Asia-Pacific,Taiwan,CHIP-PIC32-0004,500,54.61,27305.0,Pending,Critical
ORD-000252,5,2025-02-20,2025-02-25,CUST-1002,Nordic Manufacturing,EMS,EMEA,Germany,CHIP-WBZ-0016,500,19.39,9695.0,Shipped,Standard
ORD-000305,2,2024-12-28,2025-01-25,CUST-1076,Omega Manufacturing,OEM,EMEA,United Kingdom,CHIP-WBZ-0015,250,4.01,1002.5,Shipped,Expedite
ORD-000365,3,2025-05-10,2025-06-04,CUST-1034,Omega Semiconductor,EMS,JP,Japan,CHIP-MCP-0007,5000,10.28,51400.0,Shipped,Standard
ORD-000209,1,2024-05-10,2024-05-14,CUST-1022,Jolt Solutions,OEM,APAC,Singapore,CHIP-MCP-0004,25,14.67,366.75,Cancelled,Expedite
ORD-000475,2,2025-10-19,2025-11-12,CUST-9901,TEST Account 2,OEM,Americas,United States,CHIP-PIC18-0010,50,22.58,1129.0,Shipped,Standard
ORD-000071,3,2025-07-06,2025-08-06,CUST-1000,Apex Semiconductor,OEM,Americas,United States,CHIP-MCP-0005,1000,2.01,2010.0,Confirmed,Standard
ORD-000013,1,10-Jan-2024,2024-02-11,CUST-1063,Jolt Electronics,CM,Japan,Japan,CHIP-PIC18-0006,1000,10.43,10430.0,Shipped,Expedite
ORD-000339,1,07/22/2025,2025-07-28,CUST-1034,Omega Semiconductor,EMS,Japan,Japan,CHIP-MPF-0012,50,10.24,512.0,Cancelled,Expedite
ORD-000159,1,2024-06-25,2024-07-15,CUST-1048,Vex Systems,Distributor,Americas,United States,CHIP-PIC18-0001,100,4.19,419.0,Shipped,Standard
ORD-000213,3,2024-01-23,2024-02-04,CUST-1072,Atlas Systems,OEM,AMER,United States,CHIP-WBZ-0002,500,16.76,8380.0,Pending,Standard
ORD-000010,1,2025-05-02,2025-05-09,CUST-1049,Omega Devices,OEM,Americas,Canada,CHIP-MPF-0010,25,20.01,500.25,Shipped,Critical
ORD-000319,1,2024-08-09,2024-08-11,CUST-1053,Sigma Systems,CM,APAC,China,CHIP-MCP-0007,25,8.11,202.75,Shipped,Critical
ORD-000323,3,06/16/2025,2025-07-15,CUST-1000,Apex Semiconductor,OEM,Americas,United States,CHIP-dsPIC-0013,5000,7.35,36750.0,Shipped,Standard
